[2026-08-25 11:40:35] [INFO] [hyperliquid_bot.telegram]: 📱 Notifiche Telegram ATTIVATE
[2026-08-25 11:40:35] [INFO] [hyperliquid_bot.engine]: =================================================================
[2026-08-25 11:40:35] [INFO] [hyperliquid_bot.engine]: 🤖 HYPERLIQUID 24/7 BOT ENGINE AVVIATO
[2026-08-25 11:40:35] [INFO] [hyperliquid_bot.engine]:    PID: 74740 | Strategia: FundingHarvesterStrategy | Intervallo: 30.0s
[2026-08-25 11:40:35] [INFO] [hyperliquid_bot.engine]: =================================================================
[2026-08-25 11:40:35] [INFO] [hyperliquid_bot.strategy.funding]: 🚀 [FundingHarvesterStrategy] Avviato in modalità: DRY-RUN (Simulazione)
[2026-08-25 11:40:35] [INFO] [hyperliquid_bot.strategy.funding]:    Soglia Minima Ingresso: 12.0% APY | Uscita: 3.0% APY
[2026-08-25 11:40:35] [INFO] [hyperliquid_bot.strategy.funding]: 📊 Opportunità Top: ETH | APY: 3040.78% (Rate: 0.3471%/h) | Prezzo: $2,556.50
[2026-08-25 11:40:35] [INFO] [hyperliquid_bot.strategy.funding]: ✅ [DRY-RUN] Entrata Delta-Neutral simulata su ETH: Size: 0.0196 ($50.00) @ APY 3040.78%
[2026-08-25 11:40:35] [INFO] [hyperliquid_bot.strategy.funding]: ✅ [DRY-RUN] Entrata Delta-Neutral simulata su BTC: Size: 0.0006 ($50.00) @ APY 1792.07%
[2026-08-25 11:40:35] [INFO] [hyperliquid_bot.strategy.funding]: ✅ [DRY-RUN] Entrata Delta-Neutral simulata su XMR: Size: 0.1068 ($50.00) @ APY 718.06%
[2026-08-25 11:41:06] [INFO] [hyperliquid_bot.strategy.funding]: 📊 Opportunità Top: ETH | APY: 3036.9% (Rate: 0.3467%/h) | Prezzo: $2,556.50
[2026-08-25 11:41:36] [INFO] [hyperliquid_bot.strategy.funding]: 📊 Opportunità Top: ETH | APY: 3032.66% (Rate: 0.3462%/h) | Prezzo: $2,556.50
[2026-08-25 11:42:06] [INFO] [hyperliquid_bot.strategy.funding]: 📊 Opportunità Top: ETH | APY: 3028.84% (Rate: 0.3458%/h) | Prezzo: $2,556.50
[2026-08-25 11:42:36] [INFO] [hyperliquid_bot.strategy.funding]: 📊 Opportunità Top: ETH | APY: 3025.23% (Rate: 0.3453%/h) | Prezzo: $2,556.50
[2026-08-25 11:43:06] [INFO] [hyperliquid_bot.strategy.funding]: 📊 Opportunità Top: ETH | APY: 3021.77% (Rate: 0.3450%/h) | Prezzo: $2,556.40
[2026-08-25 11:43:36] [INFO] [hyperliquid_bot.strategy.funding]: 📊 Opportunità Top: ETH | APY: 3018.93% (Rate: 0.3446%/h) | Prezzo: $2,556.00
[2026-08-25 11:44:06] [INFO] [hyperliquid_bot.strategy.funding]: 📊 Opportunità Top: ETH | APY: 3016.43% (Rate: 0.3443%/h) | Prezzo: $2,555.39
[2026-08-25 11:44:36] [INFO] [hyperliquid_bot.strategy.funding]: 📊 Opportunità Top: ETH | APY: 3013.95% (Rate: 0.3441%/h) | Prezzo: $2,555.67
[2026-08-25 11:45:06] [INFO] [hyperliquid_bot.strategy.funding]: 📊 Opportunità Top: ETH | APY: 3011.75% (Rate: 0.3438%/h) | Prezzo: $2,554.68
[2026-08-25 11:45:36] [INFO] [hyperliquid_bot.strategy.funding]: 📊 Opportunità Top: ETH | APY: 3009.57% (Rate: 0.3436%/h) | Prezzo: $2,555.59
[2026-08-25 11:45:36] [INFO] [hyperliquid_bot.engine]: 
=================================================================
📊 [RESOCONTO GUADAGNI FUNDING ARBITRAGE]
   Capitale Allocato:        $150.00 (3 posizioni attive)
   Rendita Oraria Stimata:   +$0.3168/h (+$7.60/giorno)
   Funding Maturato Attuale: +$0.0265 USD
   Totale Guadagni Incassati:+$0.0265 USD
-----------------------------------------------------------------
   • ETH   | Size: 0.0196 ($50.00) | APY: 3040.78% | Attiva da: 0.1h | Funding: +$0.0145
   • BTC   | Size: 0.0006 ($50.00) | APY: 1792.07% | Attiva da: 0.1h | Funding: +$0.0085
   • XMR   | Size: 0.1068 ($50.00) | APY:  718.06% | Attiva da: 0.1h | Funding: +$0.0034
=================================================================
[2026-08-25 11:46:05] [INFO] [hyperliquid_bot.strategy.funding]: 📊 Opportunità Top: ETH | APY: 3008.05% (Rate: 0.3434%/h) | Prezzo: $2,554.50
[2026-08-25 11:46:36] [INFO] [hyperliquid_bot.strategy.funding]: 📊 Opportunità Top: ETH | APY: 3006.96% (Rate: 0.3433%/h) | Prezzo: $2,553.70
[2026-08-25 11:47:06] [INFO] [hyperliquid_bot.strategy.funding]: 📊 Opportunità Top: ETH | APY: 3006.19% (Rate: 0.3432%/h) | Prezzo: $2,553.50
[2026-08-25 11:47:36] [INFO] [hyperliquid_bot.strategy.funding]: 📊 Opportunità Top: ETH | APY: 3005.51% (Rate: 0.3431%/h) | Prezzo: $2,554.60
[2026-08-25 11:48:06] [INFO] [hyperliquid_bot.strategy.funding]: 📊 Opportunità Top: ETH | APY: 3004.76% (Rate: 0.3430%/h) | Prezzo: $2,554.20
[2026-08-25 11:48:35] [INFO] [hyperliquid_bot.strategy.funding]: 📊 Opportunità Top: ETH | APY: 3004.23% (Rate: 0.3429%/h) | Prezzo: $2,553.60
[2026-08-25 11:49:06] [INFO] [hyperliquid_bot.strategy.funding]: 📊 Opportunità Top: ETH | APY: 3003.51% (Rate: 0.3429%/h) | Prezzo: $2,554.50
[2026-08-25 11:49:36] [INFO] [hyperliquid_bot.strategy.funding]: 📊 Opportunità Top: ETH | APY: 3002.92% (Rate: 0.3428%/h) | Prezzo: $2,554.20
[2026-08-25 11:50:06] [INFO] [hyperliquid_bot.strategy.funding]: 📊 Opportunità Top: ETH | APY: 3002.73% (Rate: 0.3428%/h) | Prezzo: $2,554.40
[2026-08-25 11:50:36] [INFO] [hyperliquid_bot.strategy.funding]: 📊 Opportunità Top: ETH | APY: 3003.6% (Rate: 0.3429%/h) | Prezzo: $2,552.80
[2026-08-25 11:51:06] [INFO] [hyperliquid_bot.strategy.funding]: 📊 Opportunità Top: ETH | APY: 3004.91% (Rate: 0.3430%/h) | Prezzo: $2,552.80
[2026-08-25 11:51:06] [INFO] [hyperliquid_bot.engine]: 
=================================================================
📊 [RESOCONTO GUADAGNI FUNDING ARBITRAGE]
   Capitale Allocato:        $150.00 (3 posizioni attive)
   Rendita Oraria Stimata:   +$0.3168/h (+$7.60/giorno)
   Funding Maturato Attuale: +$0.0555 USD
   Totale Guadagni Incassati:+$0.0555 USD
-----------------------------------------------------------------
   • ETH   | Size: 0.0196 ($50.00) | APY: 3040.78% | Attiva da: 0.2h | Funding: +$0.0304
   • BTC   | Size: 0.0006 ($50.00) | APY: 1792.07% | Attiva da: 0.2h | Funding: +$0.0179
   • XMR   | Size: 0.1068 ($50.00) | APY:  718.06% | Attiva da: 0.2h | Funding: +$0.0072
=================================================================
[2026-08-25 11:51:36] [INFO] [hyperliquid_bot.strategy.funding]: 📊 Opportunità Top: ETH | APY: 3007.21% (Rate: 0.3433%/h) | Prezzo: $2,547.40
[2026-08-25 11:52:06] [INFO] [hyperliquid_bot.strategy.funding]: 📊 Opportunità Top: ETH | APY: 3010.21% (Rate: 0.3436%/h) | Prezzo: $2,548.40
[2026-08-25 11:52:36] [INFO] [hyperliquid_bot.strategy.funding]: 📊 Opportunità Top: ETH | APY: 2993.54% (Rate: 0.3417%/h) | Prezzo: $2,472.30
[2026-08-25 11:53:06] [INFO] [hyperliquid_bot.strategy.funding]: 📊 Opportunità Top: ETH | APY: 2960.76% (Rate: 0.3380%/h) | Prezzo: $2,471.50
[2026-08-25 11:53:36] [INFO] [hyperliquid_bot.strategy.funding]: 📊 Opportunità Top: ETH | APY: 2929.41% (Rate: 0.3344%/h) | Prezzo: $2,467.76
[2026-08-25 11:54:06] [INFO] [hyperliquid_bot.strategy.funding]: 📊 Opportunità Top: ETH | APY: 2895.7% (Rate: 0.3306%/h) | Prezzo: $2,464.65
[2026-08-25 11:54:36] [INFO] [hyperliquid_bot.strategy.funding]: 📊 Opportunità Top: ETH | APY: 2854.36% (Rate: 0.3258%/h) | Prezzo: $2,456.50
[2026-08-25 11:55:06] [INFO] [hyperliquid_bot.strategy.funding]: 📊 Opportunità Top: ETH | APY: 2808.61% (Rate: 0.3206%/h) | Prezzo: $2,437.60
[2026-08-25 11:55:36] [INFO] [hyperliquid_bot.strategy.funding]: 📊 Opportunità Top: ETH | APY: 2747.67% (Rate: 0.3137%/h) | Prezzo: $2,425.50
[2026-08-25 11:56:06] [INFO] [hyperliquid_bot.strategy.funding]: 📊 Opportunità Top: ETH | APY: 2695.83% (Rate: 0.3077%/h) | Prezzo: $2,413.90
[2026-08-25 11:56:36] [INFO] [hyperliquid_bot.strategy.funding]: 📊 Opportunità Top: ETH | APY: 2652.93% (Rate: 0.3028%/h) | Prezzo: $2,407.20
[2026-08-25 11:56:36] [INFO] [hyperliquid_bot.engine]: 
=================================================================
📊 [RESOCONTO GUADAGNI FUNDING ARBITRAGE]
   Capitale Allocato:        $150.00 (3 posizioni attive)
   Rendita Oraria Stimata:   +$0.3168/h (+$7.60/giorno)
   Funding Maturato Attuale: +$0.0845 USD
   Totale Guadagni Incassati:+$0.0845 USD
-----------------------------------------------------------------
   • ETH   | Size: 0.0196 ($50.00) | APY: 3040.78% | Attiva da: 0.3h | Funding: +$0.0463
   • BTC   | Size: 0.0006 ($50.00) | APY: 1792.07% | Attiva da: 0.3h | Funding: +$0.0273
   • XMR   | Size: 0.1068 ($50.00) | APY:  718.06% | Attiva da: 0.3h | Funding: +$0.0109
=================================================================
[2026-08-25 11:57:06] [INFO] [hyperliquid_bot.strategy.funding]: 📊 Opportunità Top: ETH | APY: 2610.13% (Rate: 0.2980%/h) | Prezzo: $2,399.00
[2026-08-25 11:57:36] [INFO] [hyperliquid_bot.strategy.funding]: 📊 Opportunità Top: ETH | APY: 2568.35% (Rate: 0.2932%/h) | Prezzo: $2,392.20
[2026-08-25 11:58:06] [INFO] [hyperliquid_bot.strategy.funding]: 📊 Opportunità Top: ETH | APY: 2527.3% (Rate: 0.2885%/h) | Prezzo: $2,389.10
[2026-08-25 11:58:36] [INFO] [hyperliquid_bot.strategy.funding]: 📊 Opportunità Top: ETH | APY: 2486.06% (Rate: 0.2838%/h) | Prezzo: $2,387.10
[2026-08-25 11:59:06] [INFO] [hyperliquid_bot.strategy.funding]: 📊 Opportunità Top: ETH | APY: 2444.82% (Rate: 0.2791%/h) | Prezzo: $2,384.50
[2026-08-25 11:59:36] [INFO] [hyperliquid_bot.strategy.funding]: 📊 Opportunità Top: ETH | APY: 2403.98% (Rate: 0.2744%/h) | Prezzo: $2,382.60
[2026-08-25 12:00:06] [INFO] [hyperliquid_bot.strategy.funding]: 📊 Opportunità Top: BTC | APY: 2624.12% (Rate: 0.2996%/h) | Prezzo: $81,404.00
[2026-08-25 12:00:06] [INFO] [hyperliquid_bot.strategy.funding]: 🔻 Chiusura posizione su ETH: APY (0.00%) sotto la soglia di uscita (3.0%). Funding incassato: $0.0564
[2026-08-25 12:00:06] [INFO] [hyperliquid_bot.strategy.funding]: ✅ [DRY-RUN] Entrata Delta-Neutral simulata su SOL: Size: 0.4833 ($50.00) @ APY 1292.46%
[2026-08-25 12:00:36] [INFO] [hyperliquid_bot.strategy.funding]: 📊 Opportunità Top: BTC | APY: 2618.28% (Rate: 0.2989%/h) | Prezzo: $81,404.00
[2026-08-25 12:01:06] [INFO] [hyperliquid_bot.strategy.funding]: 📊 Opportunità Top: BTC | APY: 2630.9% (Rate: 0.3003%/h) | Prezzo: $81,395.00
[2026-08-25 12:01:36] [INFO] [hyperliquid_bot.strategy.funding]: 📊 Opportunità Top: BTC | APY: 2642.78% (Rate: 0.3017%/h) | Prezzo: $81,308.00
[2026-08-25 12:02:06] [INFO] [hyperliquid_bot.strategy.funding]: 📊 Opportunità Top: BTC | APY: 2590.3% (Rate: 0.2957%/h) | Prezzo: $81,319.00
[2026-08-25 12:02:06] [INFO] [hyperliquid_bot.engine]: 
=================================================================
📊 [RESOCONTO GUADAGNI FUNDING ARBITRAGE]
   Capitale Allocato:        $150.00 (3 posizioni attive)
   Rendita Oraria Stimata:   +$0.2170/h (+$5.21/giorno)
   Funding Maturato Attuale: +$0.0538 USD
   Totale Guadagni Incassati:+$0.1103 USD
-----------------------------------------------------------------
   • BTC   | Size: 0.0006 ($50.00) | APY: 1792.07% | Attiva da: 0.4h | Funding: +$0.0367
   • XMR   | Size: 0.1068 ($50.00) | APY:  718.06% | Attiva da: 0.4h | Funding: +$0.0147
   • SOL   | Size: 0.4833 ($50.00) | APY: 1292.46% | Attiva da: 0.0h | Funding: +$0.0025
=================================================================
[2026-08-25 12:02:36] [INFO] [hyperliquid_bot.strategy.funding]: 📊 Opportunità Top: BTC | APY: 2558.5% (Rate: 0.2921%/h) | Prezzo: $81,335.00
[2026-08-25 12:03:06] [INFO] [hyperliquid_bot.strategy.funding]: 📊 Opportunità Top: BTC | APY: 2535.14% (Rate: 0.2894%/h) | Prezzo: $81,335.00
[2026-08-25 12:03:36] [INFO] [hyperliquid_bot.strategy.funding]: 📊 Opportunità Top: BTC | APY: 2509.87% (Rate: 0.2865%/h) | Prezzo: $81,404.00
[2026-08-25 12:04:06] [INFO] [hyperliquid_bot.strategy.funding]: 📊 Opportunità Top: BTC | APY: 2525.76% (Rate: 0.2883%/h) | Prezzo: $81,404.00
[2026-08-25 12:04:36] [INFO] [hyperliquid_bot.strategy.funding]: 📊 Opportunità Top: BTC | APY: 2530.13% (Rate: 0.2888%/h) | Prezzo: $81,404.00
[2026-08-25 12:05:06] [INFO] [hyperliquid_bot.strategy.funding]: 📊 Opportunità Top: BTC | APY: 2540.67% (Rate: 0.2900%/h) | Prezzo: $81,404.00
[2026-08-25 12:05:36] [INFO] [hyperliquid_bot.strategy.funding]: 📊 Opportunità Top: BTC | APY: 2549.32% (Rate: 0.2910%/h) | Prezzo: $81,404.00
[2026-08-25 12:06:06] [INFO] [hyperliquid_bot.strategy.funding]: 📊 Opportunità Top: BTC | APY: 2552.6% (Rate: 0.2914%/h) | Prezzo: $81,404.00
[2026-08-25 12:06:36] [INFO] [hyperliquid_bot.strategy.funding]: 📊 Opportunità Top: BTC | APY: 2546.84% (Rate: 0.2907%/h) | Prezzo: $81,396.00
[2026-08-25 12:07:06] [INFO] [hyperliquid_bot.strategy.funding]: 📊 Opportunità Top: BTC | APY: 2541.63% (Rate: 0.2901%/h) | Prezzo: $81,391.40
[2026-08-25 12:07:36] [INFO] [hyperliquid_bot.strategy.funding]: 📊 Opportunità Top: BTC | APY: 2548.71% (Rate: 0.2909%/h) | Prezzo: $81,395.00
[2026-08-25 12:07:36] [INFO] [hyperliquid_bot.engine]: 
=================================================================
📊 [RESOCONTO GUADAGNI FUNDING ARBITRAGE]
   Capitale Allocato:        $150.00 (3 posizioni attive)
   Rendita Oraria Stimata:   +$0.2170/h (+$5.21/giorno)
   Funding Maturato Attuale: +$0.0737 USD
   Totale Guadagni Incassati:+$0.1302 USD
-----------------------------------------------------------------
   • BTC   | Size: 0.0006 ($50.00) | APY: 1792.07% | Attiva da: 0.5h | Funding: +$0.0461
   • XMR   | Size: 0.1068 ($50.00) | APY:  718.06% | Attiva da: 0.5h | Funding: +$0.0185
   • SOL   | Size: 0.4833 ($50.00) | APY: 1292.46% | Attiva da: 0.1h | Funding: +$0.0092
=================================================================
[2026-08-25 12:08:06] [INFO] [hyperliquid_bot.strategy.funding]: 📊 Opportunità Top: BTC | APY: 2550.26% (Rate: 0.2911%/h) | Prezzo: $81,396.00
[2026-08-25 12:08:36] [INFO] [hyperliquid_bot.strategy.funding]: 📊 Opportunità Top: BTC | APY: 2550.2% (Rate: 0.2911%/h) | Prezzo: $81,396.00
[2026-08-25 12:09:06] [INFO] [hyperliquid_bot.strategy.funding]: 📊 Opportunità Top: BTC | APY: 2549.66% (Rate: 0.2911%/h) | Prezzo: $81,396.00
[2026-08-25 12:09:36] [INFO] [hyperliquid_bot.strategy.funding]: 📊 Opportunità Top: BTC | APY: 2534.65% (Rate: 0.2893%/h) | Prezzo: $81,396.00
[2026-08-25 12:10:06] [INFO] [hyperliquid_bot.strategy.funding]: 📊 Opportunità Top: BTC | APY: 2536.25% (Rate: 0.2895%/h) | Prezzo: $81,396.00
[2026-08-25 12:10:36] [INFO] [hyperliquid_bot.strategy.funding]: 📊 Opportunità Top: BTC | APY: 2535.23% (Rate: 0.2894%/h) | Prezzo: $81,396.00
[2026-08-25 12:11:06] [INFO] [hyperliquid_bot.strategy.funding]: 📊 Opportunità Top: BTC | APY: 2531.56% (Rate: 0.2890%/h) | Prezzo: $81,396.00
[2026-08-25 12:11:36] [INFO] [hyperliquid_bot.strategy.funding]: 📊 Opportunità Top: BTC | APY: 2527.26% (Rate: 0.2885%/h) | Prezzo: $81,396.00
[2026-08-25 12:12:06] [INFO] [hyperliquid_bot.strategy.funding]: 📊 Opportunità Top: BTC | APY: 2516.72% (Rate: 0.2873%/h) | Prezzo: $81,396.00
[2026-08-25 12:12:36] [INFO] [hyperliquid_bot.strategy.funding]: 📊 Opportunità Top: BTC | APY: 2512.55% (Rate: 0.2868%/h) | Prezzo: $81,396.00
[2026-08-25 12:12:36] [INFO] [hyperliquid_bot.engine]: 
=================================================================
📊 [RESOCONTO GUADAGNI FUNDING ARBITRAGE]
   Capitale Allocato:        $150.00 (3 posizioni attive)
   Rendita Oraria Stimata:   +$0.2170/h (+$5.21/giorno)
   Funding Maturato Attuale: +$0.0918 USD
   Totale Guadagni Incassati:+$0.1483 USD
-----------------------------------------------------------------
   • BTC   | Size: 0.0006 ($50.00) | APY: 1792.07% | Attiva da: 0.5h | Funding: +$0.0546
   • XMR   | Size: 0.1068 ($50.00) | APY:  718.06% | Attiva da: 0.5h | Funding: +$0.0219
   • SOL   | Size: 0.4833 ($50.00) | APY: 1292.46% | Attiva da: 0.2h | Funding: +$0.0154
=================================================================
[2026-08-25 12:13:06] [INFO] [hyperliquid_bot.strategy.funding]: 📊 Opportunità Top: BTC | APY: 2509.37% (Rate: 0.2865%/h) | Prezzo: $81,363.00
[2026-08-25 12:13:36] [INFO] [hyperliquid_bot.strategy.funding]: 📊 Opportunità Top: BTC | APY: 2506.97% (Rate: 0.2862%/h) | Prezzo: $81,350.00
[2026-08-25 12:14:06] [INFO] [hyperliquid_bot.strategy.funding]: 📊 Opportunità Top: BTC | APY: 2502.93% (Rate: 0.2857%/h) | Prezzo: $81,350.00
[2026-08-25 12:14:36] [INFO] [hyperliquid_bot.strategy.funding]: 📊 Opportunità Top: BTC | APY: 2498.56% (Rate: 0.2852%/h) | Prezzo: $81,350.00
[2026-08-25 12:15:06] [INFO] [hyperliquid_bot.strategy.funding]: 📊 Opportunità Top: BTC | APY: 2496.93% (Rate: 0.2850%/h) | Prezzo: $81,350.00
[2026-08-25 12:15:36] [INFO] [hyperliquid_bot.strategy.funding]: 📊 Opportunità Top: BTC | APY: 2494.78% (Rate: 0.2848%/h) | Prezzo: $81,333.00
[2026-08-25 12:16:06] [INFO] [hyperliquid_bot.strategy.funding]: 📊 Opportunità Top: BTC | APY: 2492.93% (Rate: 0.2846%/h) | Prezzo: $81,333.00
[2026-08-25 12:16:36] [INFO] [hyperliquid_bot.strategy.funding]: 📊 Opportunità Top: BTC | APY: 2487.89% (Rate: 0.2840%/h) | Prezzo: $81,333.00
[2026-08-25 12:17:06] [INFO] [hyperliquid_bot.strategy.funding]: 📊 Opportunità Top: BTC | APY: 2484.85% (Rate: 0.2837%/h) | Prezzo: $81,333.00
[2026-08-25 12:17:36] [INFO] [hyperliquid_bot.strategy.funding]: 📊 Opportunità Top: BTC | APY: 2483.87% (Rate: 0.2835%/h) | Prezzo: $81,333.00
[2026-08-25 12:18:06] [INFO] [hyperliquid_bot.strategy.funding]: 📊 Opportunità Top: BTC | APY: 2483.38% (Rate: 0.2835%/h) | Prezzo: $81,333.00
[2026-08-25 12:18:06] [INFO] [hyperliquid_bot.engine]: 
=================================================================
📊 [RESOCONTO GUADAGNI FUNDING ARBITRAGE]
   Capitale Allocato:        $150.00 (3 posizioni attive)
   Rendita Oraria Stimata:   +$0.2170/h (+$5.21/giorno)
   Funding Maturato Attuale: +$0.1117 USD
   Totale Guadagni Incassati:+$0.1681 USD
-----------------------------------------------------------------
   • BTC   | Size: 0.0006 ($50.00) | APY: 1792.07% | Attiva da: 0.6h | Funding: +$0.0640
   • XMR   | Size: 0.1068 ($50.00) | APY:  718.06% | Attiva da: 0.6h | Funding: +$0.0256
   • SOL   | Size: 0.4833 ($50.00) | APY: 1292.46% | Attiva da: 0.3h | Funding: +$0.0221
=================================================================
[2026-08-25 12:18:36] [INFO] [hyperliquid_bot.strategy.funding]: 📊 Opportunità Top: BTC | APY: 2482.19% (Rate: 0.2834%/h) | Prezzo: $81,333.00
[2026-08-25 12:19:06] [INFO] [hyperliquid_bot.strategy.funding]: 📊 Opportunità Top: BTC | APY: 2479.4% (Rate: 0.2830%/h) | Prezzo: $81,333.00
[2026-08-25 12:19:36] [INFO] [hyperliquid_bot.strategy.funding]: 📊 Opportunità Top: BTC | APY: 2475.53% (Rate: 0.2826%/h) | Prezzo: $81,339.00
[2026-08-25 12:20:06] [INFO] [hyperliquid_bot.strategy.funding]: 📊 Opportunità Top: BTC | APY: 2472.1% (Rate: 0.2822%/h) | Prezzo: $81,340.00
[2026-08-25 12:20:36] [INFO] [hyperliquid_bot.strategy.funding]: 📊 Opportunità Top: BTC | APY: 2468.48% (Rate: 0.2818%/h) | Prezzo: $81,340.00
[2026-08-25 12:21:06] [INFO] [hyperliquid_bot.strategy.funding]: 📊 Opportunità Top: BTC | APY: 2465.72% (Rate: 0.2815%/h) | Prezzo: $81,340.00
[2026-08-25 12:21:36] [INFO] [hyperliquid_bot.strategy.funding]: 📊 Opportunità Top: BTC | APY: 2462.55% (Rate: 0.2811%/h) | Prezzo: $81,292.00
[2026-08-25 12:22:06] [INFO] [hyperliquid_bot.strategy.funding]: 📊 Opportunità Top: BTC | APY: 2458.04% (Rate: 0.2806%/h) | Prezzo: $81,278.00
[2026-08-25 12:22:36] [INFO] [hyperliquid_bot.strategy.funding]: 📊 Opportunità Top: BTC | APY: 2457.11% (Rate: 0.2805%/h) | Prezzo: $81,244.00
[2026-08-25 12:23:06] [INFO] [hyperliquid_bot.strategy.funding]: 📊 Opportunità Top: BTC | APY: 2456.93% (Rate: 0.2805%/h) | Prezzo: $81,242.00
[2026-08-25 12:23:36] [INFO] [hyperliquid_bot.strategy.funding]: 📊 Opportunità Top: BTC | APY: 2455.93% (Rate: 0.2804%/h) | Prezzo: $81,266.00
[2026-08-25 12:23:36] [INFO] [hyperliquid_bot.engine]: 
=================================================================
📊 [RESOCONTO GUADAGNI FUNDING ARBITRAGE]
   Capitale Allocato:        $150.00 (3 posizioni attive)
   Rendita Oraria Stimata:   +$0.2170/h (+$5.21/giorno)
   Funding Maturato Attuale: +$0.1316 USD
   Totale Guadagni Incassati:+$0.1880 USD
-----------------------------------------------------------------
   • BTC   | Size: 0.0006 ($50.00) | APY: 1792.07% | Attiva da: 0.7h | Funding: +$0.0733
   • XMR   | Size: 0.1068 ($50.00) | APY:  718.06% | Attiva da: 0.7h | Funding: +$0.0294
   • SOL   | Size: 0.4833 ($50.00) | APY: 1292.46% | Attiva da: 0.4h | Funding: +$0.0289
=================================================================
[2026-08-25 12:24:06] [INFO] [hyperliquid_bot.strategy.funding]: 📊 Opportunità Top: BTC | APY: 2451.04% (Rate: 0.2798%/h) | Prezzo: $81,259.00
[2026-08-25 12:24:36] [INFO] [hyperliquid_bot.strategy.funding]: 📊 Opportunità Top: BTC | APY: 2448.93% (Rate: 0.2796%/h) | Prezzo: $81,263.00
[2026-08-25 12:25:06] [INFO] [hyperliquid_bot.strategy.funding]: 📊 Opportunità Top: BTC | APY: 2447.67% (Rate: 0.2794%/h) | Prezzo: $81,259.00
[2026-08-25 12:25:36] [INFO] [hyperliquid_bot.strategy.funding]: 📊 Opportunità Top: BTC | APY: 2446.49% (Rate: 0.2793%/h) | Prezzo: $81,260.00
[2026-08-25 12:26:06] [INFO] [hyperliquid_bot.strategy.funding]: 📊 Opportunità Top: BTC | APY: 2445.58% (Rate: 0.2792%/h) | Prezzo: $81,260.00
[2026-08-25 12:26:36] [INFO] [hyperliquid_bot.strategy.funding]: 📊 Opportunità Top: BTC | APY: 2444.68% (Rate: 0.2791%/h) | Prezzo: $81,242.00
[2026-08-25 12:27:06] [INFO] [hyperliquid_bot.strategy.funding]: 📊 Opportunità Top: BTC | APY: 2443.96% (Rate: 0.2790%/h) | Prezzo: $81,242.00
[2026-08-25 12:27:36] [INFO] [hyperliquid_bot.strategy.funding]: 📊 Opportunità Top: BTC | APY: 2443.44% (Rate: 0.2789%/h) | Prezzo: $81,242.00
[2026-08-25 12:28:06] [INFO] [hyperliquid_bot.strategy.funding]: 📊 Opportunità Top: BTC | APY: 2440.78% (Rate: 0.2786%/h) | Prezzo: $81,252.00
[2026-08-25 12:28:36] [INFO] [hyperliquid_bot.strategy.funding]: 📊 Opportunità Top: BTC | APY: 2440.52% (Rate: 0.2786%/h) | Prezzo: $81,242.00
[2026-08-25 12:29:06] [INFO] [hyperliquid_bot.strategy.funding]: 📊 Opportunità Top: BTC | APY: 2440.59% (Rate: 0.2786%/h) | Prezzo: $81,242.00
[2026-08-25 12:29:06] [INFO] [hyperliquid_bot.engine]: 
=================================================================
📊 [RESOCONTO GUADAGNI FUNDING ARBITRAGE]
   Capitale Allocato:        $150.00 (3 posizioni attive)
   Rendita Oraria Stimata:   +$0.2170/h (+$5.21/giorno)
   Funding Maturato Attuale: +$0.1515 USD
   Totale Guadagni Incassati:+$0.2079 USD
-----------------------------------------------------------------
   • BTC   | Size: 0.0006 ($50.00) | APY: 1792.07% | Attiva da: 0.8h | Funding: +$0.0827
   • XMR   | Size: 0.1068 ($50.00) | APY:  718.06% | Attiva da: 0.8h | Funding: +$0.0331
   • SOL   | Size: 0.4833 ($50.00) | APY: 1292.46% | Attiva da: 0.5h | Funding: +$0.0357
=================================================================
[2026-08-25 12:29:36] [INFO] [hyperliquid_bot.strategy.funding]: 📊 Opportunità Top: BTC | APY: 2440.5% (Rate: 0.2786%/h) | Prezzo: $81,242.00
[2026-08-25 12:30:06] [INFO] [hyperliquid_bot.strategy.funding]: 📊 Opportunità Top: BTC | APY: 2440.47% (Rate: 0.2786%/h) | Prezzo: $81,242.00
[2026-08-25 12:30:36] [INFO] [hyperliquid_bot.strategy.funding]: 📊 Opportunità Top: BTC | APY: 2440.47% (Rate: 0.2786%/h) | Prezzo: $81,242.00
[2026-08-25 12:31:06] [INFO] [hyperliquid_bot.strategy.funding]: 📊 Opportunità Top: BTC | APY: 2440.52% (Rate: 0.2786%/h) | Prezzo: $81,242.00
[2026-08-25 12:31:37] [INFO] [hyperliquid_bot.strategy.funding]: 📊 Opportunità Top: BTC | APY: 2440.09% (Rate: 0.2785%/h) | Prezzo: $81,242.00
[2026-08-25 12:32:06] [INFO] [hyperliquid_bot.strategy.funding]: 📊 Opportunità Top: BTC | APY: 2439.22% (Rate: 0.2785%/h) | Prezzo: $81,242.00
[2026-08-25 12:32:36] [INFO] [hyperliquid_bot.strategy.funding]: 📊 Opportunità Top: BTC | APY: 2438.58% (Rate: 0.2784%/h) | Prezzo: $81,256.00
[2026-08-25 12:33:06] [INFO] [hyperliquid_bot.strategy.funding]: 📊 Opportunità Top: BTC | APY: 2438.06% (Rate: 0.2783%/h) | Prezzo: $81,254.00
[2026-08-25 12:33:36] [INFO] [hyperliquid_bot.strategy.funding]: 📊 Opportunità Top: BTC | APY: 2436.54% (Rate: 0.2781%/h) | Prezzo: $81,248.00
[2026-08-25 12:34:06] [INFO] [hyperliquid_bot.strategy.funding]: 📊 Opportunità Top: BTC | APY: 2436.79% (Rate: 0.2782%/h) | Prezzo: $81,247.00
[2026-08-25 12:34:37] [INFO] [hyperliquid_bot.strategy.funding]: 📊 Opportunità Top: BTC | APY: 2436.81% (Rate: 0.2782%/h) | Prezzo: $81,247.00
[2026-08-25 12:34:37] [INFO] [hyperliquid_bot.engine]: 
=================================================================
📊 [RESOCONTO GUADAGNI FUNDING ARBITRAGE]
   Capitale Allocato:        $150.00 (3 posizioni attive)
   Rendita Oraria Stimata:   +$0.2170/h (+$5.21/giorno)
   Funding Maturato Attuale: +$0.1714 USD
   Totale Guadagni Incassati:+$0.2278 USD
-----------------------------------------------------------------
   • BTC   | Size: 0.0006 ($50.00) | APY: 1792.07% | Attiva da: 0.9h | Funding: +$0.0921
   • XMR   | Size: 0.1068 ($50.00) | APY:  718.06% | Attiva da: 0.9h | Funding: +$0.0369
   • SOL   | Size: 0.4833 ($50.00) | APY: 1292.46% | Attiva da: 0.6h | Funding: +$0.0424
=================================================================
[2026-08-25 12:35:07] [ERROR] [hyperliquid_bot.strategy.funding]: Error scanning funding rates: (502, '<html>\r\n<head><title>502 Bad Gateway</title></head>\r\n<body>\r\n<center><h1>502 Bad Gateway</h1></center>\r\n<hr><center>nginx/1.26.2</center>\r\n</body>\r\n</html>\r\n')
[2026-08-25 12:35:07] [INFO] [hyperliquid_bot.strategy.funding]: 🔻 Chiusura posizione su BTC: APY (0.00%) sotto la soglia di uscita (3.0%). Funding incassato: $0.0930
[2026-08-25 12:35:08] [INFO] [hyperliquid_bot.strategy.funding]: 🔻 Chiusura posizione su XMR: APY (0.00%) sotto la soglia di uscita (3.0%). Funding incassato: $0.0373
[2026-08-25 12:35:08] [INFO] [hyperliquid_bot.strategy.funding]: 🔻 Chiusura posizione su SOL: APY (0.00%) sotto la soglia di uscita (3.0%). Funding incassato: $0.0431
[2026-08-25 12:35:36] [ERROR] [hyperliquid_bot.strategy.funding]: Error scanning funding rates: (502, '<html>\r\n<head><title>502 Bad Gateway</title></head>\r\n<body>\r\n<center><h1>502 Bad Gateway</h1></center>\r\n<hr><center>nginx/1.26.2</center>\r\n</body>\r\n</html>\r\n')
[2026-08-25 12:36:07] [INFO] [hyperliquid_bot.strategy.funding]: 📊 Opportunità Top: BTC | APY: 2436.6% (Rate: 0.2782%/h) | Prezzo: $81,249.00
[2026-08-25 12:36:07] [INFO] [hyperliquid_bot.strategy.funding]: ✅ [DRY-RUN] Entrata Delta-Neutral simulata su BTC: Size: 0.0006 ($50.00) @ APY 2436.6%
[2026-08-25 12:36:07] [INFO] [hyperliquid_bot.strategy.funding]: ✅ [DRY-RUN] Entrata Delta-Neutral simulata su SOL: Size: 0.4846 ($50.00) @ APY 1667.38%
[2026-08-25 12:36:07] [INFO] [hyperliquid_bot.strategy.funding]: ✅ [DRY-RUN] Entrata Delta-Neutral simulata su HYPE: Size: 1.2500 ($50.00) @ APY 945.3%
[2026-08-25 12:36:37] [INFO] [hyperliquid_bot.strategy.funding]: 📊 Opportunità Top: BTC | APY: 2435.22% (Rate: 0.2780%/h) | Prezzo: $81,239.80
[2026-08-25 12:37:07] [INFO] [hyperliquid_bot.strategy.funding]: 📊 Opportunità Top: BTC | APY: 2426.38% (Rate: 0.2770%/h) | Prezzo: $81,238.00
[2026-08-25 12:37:37] [INFO] [hyperliquid_bot.strategy.funding]: 📊 Opportunità Top: BTC | APY: 2417.83% (Rate: 0.2760%/h) | Prezzo: $81,232.00
[2026-08-25 12:38:06] [INFO] [hyperliquid_bot.strategy.funding]: 📊 Opportunità Top: BTC | APY: 2409.41% (Rate: 0.2750%/h) | Prezzo: $81,235.00
[2026-08-25 12:38:37] [INFO] [hyperliquid_bot.strategy.funding]: 📊 Opportunità Top: BTC | APY: 2406.99% (Rate: 0.2748%/h) | Prezzo: $81,135.00
[2026-08-25 12:39:07] [INFO] [hyperliquid_bot.strategy.funding]: 📊 Opportunità Top: BTC | APY: 2407.57% (Rate: 0.2748%/h) | Prezzo: $81,135.00
[2026-08-25 12:39:36] [INFO] [hyperliquid_bot.strategy.funding]: 📊 Opportunità Top: BTC | APY: 2408.29% (Rate: 0.2749%/h) | Prezzo: $81,167.00
[2026-08-25 12:40:07] [INFO] [hyperliquid_bot.strategy.funding]: 📊 Opportunità Top: BTC | APY: 2408.87% (Rate: 0.2750%/h) | Prezzo: $81,148.00
[2026-08-25 12:40:07] [INFO] [hyperliquid_bot.engine]: 
=================================================================
📊 [RESOCONTO GUADAGNI FUNDING ARBITRAGE]
   Capitale Allocato:        $150.00 (3 posizioni attive)
   Rendita Oraria Stimata:   +$0.2882/h (+$6.92/giorno)
   Funding Maturato Attuale: +$0.0192 USD
   Totale Guadagni Incassati:+$0.2489 USD
-----------------------------------------------------------------
   • BTC   | Size: 0.0006 ($50.00) | APY: 2436.60% | Attiva da: 0.1h | Funding: +$0.0093
   • SOL   | Size: 0.4846 ($50.00) | APY: 1667.38% | Attiva da: 0.1h | Funding: +$0.0063
   • HYPE  | Size: 1.2500 ($50.00) | APY:  945.30% | Attiva da: 0.1h | Funding: +$0.0036
=================================================================
[2026-08-25 12:40:37] [INFO] [hyperliquid_bot.strategy.funding]: 📊 Opportunità Top: BTC | APY: 2409.0% (Rate: 0.2750%/h) | Prezzo: $81,148.00
[2026-08-25 12:41:07] [INFO] [hyperliquid_bot.strategy.funding]: 📊 Opportunità Top: BTC | APY: 2404.91% (Rate: 0.2745%/h) | Prezzo: $81,144.00
[2026-08-25 12:41:37] [INFO] [hyperliquid_bot.strategy.funding]: 📊 Opportunità Top: BTC | APY: 2405.02% (Rate: 0.2745%/h) | Prezzo: $81,189.00
[2026-08-25 12:42:07] [INFO] [hyperliquid_bot.strategy.funding]: 📊 Opportunità Top: BTC | APY: 2404.82% (Rate: 0.2745%/h) | Prezzo: $81,238.00
[2026-08-25 12:42:37] [INFO] [hyperliquid_bot.strategy.funding]: 📊 Opportunità Top: BTC | APY: 2404.62% (Rate: 0.2745%/h) | Prezzo: $81,245.50
[2026-08-25 12:43:06] [INFO] [hyperliquid_bot.strategy.funding]: 📊 Opportunità Top: BTC | APY: 2402.43% (Rate: 0.2742%/h) | Prezzo: $81,236.50
[2026-08-25 12:43:37] [INFO] [hyperliquid_bot.strategy.funding]: 📊 Opportunità Top: BTC | APY: 2401.97% (Rate: 0.2742%/h) | Prezzo: $81,250.00
[2026-08-25 12:44:06] [INFO] [hyperliquid_bot.strategy.funding]: 📊 Opportunità Top: BTC | APY: 2401.7% (Rate: 0.2742%/h) | Prezzo: $81,203.00
[2026-08-25 12:44:37] [INFO] [hyperliquid_bot.strategy.funding]: 📊 Opportunità Top: BTC | APY: 2401.56% (Rate: 0.2742%/h) | Prezzo: $81,223.00
[2026-08-25 12:45:07] [INFO] [hyperliquid_bot.strategy.funding]: 📊 Opportunità Top: BTC | APY: 2397.98% (Rate: 0.2737%/h) | Prezzo: $81,244.00
[2026-08-25 12:45:37] [INFO] [hyperliquid_bot.strategy.funding]: 📊 Opportunità Top: BTC | APY: 2397.25% (Rate: 0.2737%/h) | Prezzo: $81,284.00
[2026-08-25 12:45:37] [INFO] [hyperliquid_bot.engine]: 
=================================================================
📊 [RESOCONTO GUADAGNI FUNDING ARBITRAGE]
   Capitale Allocato:        $150.00 (3 posizioni attive)
   Rendita Oraria Stimata:   +$0.2882/h (+$6.92/giorno)
   Funding Maturato Attuale: +$0.0456 USD
   Totale Guadagni Incassati:+$0.2754 USD
-----------------------------------------------------------------
   • BTC   | Size: 0.0006 ($50.00) | APY: 2436.60% | Attiva da: 0.2h | Funding: +$0.0220
   • SOL   | Size: 0.4846 ($50.00) | APY: 1667.38% | Attiva da: 0.2h | Funding: +$0.0151
   • HYPE  | Size: 1.2500 ($50.00) | APY:  945.30% | Attiva da: 0.2h | Funding: +$0.0085
=================================================================
[2026-08-25 12:46:07] [INFO] [hyperliquid_bot.strategy.funding]: 📊 Opportunità Top: BTC | APY: 2395.9% (Rate: 0.2735%/h) | Prezzo: $81,284.00
[2026-08-25 12:46:37] [INFO] [hyperliquid_bot.strategy.funding]: 📊 Opportunità Top: BTC | APY: 2393.72% (Rate: 0.2733%/h) | Prezzo: $81,284.00
[2026-08-25 12:47:06] [INFO] [hyperliquid_bot.strategy.funding]: 📊 Opportunità Top: BTC | APY: 2389.68% (Rate: 0.2728%/h) | Prezzo: $81,273.00
[2026-08-25 12:47:37] [INFO] [hyperliquid_bot.strategy.funding]: 📊 Opportunità Top: BTC | APY: 2387.27% (Rate: 0.2725%/h) | Prezzo: $81,290.00
[2026-08-25 12:48:07] [INFO] [hyperliquid_bot.strategy.funding]: 📊 Opportunità Top: BTC | APY: 2384.82% (Rate: 0.2722%/h) | Prezzo: $81,299.00
[2026-08-25 12:48:37] [INFO] [hyperliquid_bot.strategy.funding]: 📊 Opportunità Top: BTC | APY: 2383.38% (Rate: 0.2721%/h) | Prezzo: $81,267.00
[2026-08-25 12:49:07] [INFO] [hyperliquid_bot.strategy.funding]: 📊 Opportunità Top: BTC | APY: 2379.55% (Rate: 0.2716%/h) | Prezzo: $81,259.60
[2026-08-25 12:49:37] [INFO] [hyperliquid_bot.strategy.funding]: 📊 Opportunità Top: BTC | APY: 2379.06% (Rate: 0.2716%/h) | Prezzo: $81,241.60
[2026-08-25 12:50:07] [INFO] [hyperliquid_bot.strategy.funding]: 📊 Opportunità Top: BTC | APY: 2378.52% (Rate: 0.2715%/h) | Prezzo: $81,269.50
[2026-08-25 12:50:37] [INFO] [hyperliquid_bot.strategy.funding]: 📊 Opportunità Top: BTC | APY: 2376.63% (Rate: 0.2713%/h) | Prezzo: $81,247.00
[2026-08-25 12:51:06] [INFO] [hyperliquid_bot.strategy.funding]: 📊 Opportunità Top: BTC | APY: 2376.16% (Rate: 0.2713%/h) | Prezzo: $81,269.70
[2026-08-25 12:51:06] [INFO] [hyperliquid_bot.engine]: 
=================================================================
📊 [RESOCONTO GUADAGNI FUNDING ARBITRAGE]
   Capitale Allocato:        $150.00 (3 posizioni attive)
   Rendita Oraria Stimata:   +$0.2882/h (+$6.92/giorno)
   Funding Maturato Attuale: +$0.0720 USD
   Totale Guadagni Incassati:+$0.3018 USD
-----------------------------------------------------------------
   • BTC   | Size: 0.0006 ($50.00) | APY: 2436.60% | Attiva da: 0.2h | Funding: +$0.0348
   • SOL   | Size: 0.4846 ($50.00) | APY: 1667.38% | Attiva da: 0.2h | Funding: +$0.0238
   • HYPE  | Size: 1.2500 ($50.00) | APY:  945.30% | Attiva da: 0.2h | Funding: +$0.0135
=================================================================
[2026-08-25 12:51:36] [INFO] [hyperliquid_bot.strategy.funding]: 📊 Opportunità Top: BTC | APY: 2375.52% (Rate: 0.2712%/h) | Prezzo: $81,290.00
[2026-08-25 12:52:07] [INFO] [hyperliquid_bot.strategy.funding]: 📊 Opportunità Top: BTC | APY: 2373.2% (Rate: 0.2709%/h) | Prezzo: $81,290.00
[2026-08-25 12:52:37] [INFO] [hyperliquid_bot.strategy.funding]: 📊 Opportunità Top: BTC | APY: 2371.97% (Rate: 0.2708%/h) | Prezzo: $81,282.00
[2026-08-25 12:53:07] [INFO] [hyperliquid_bot.strategy.funding]: 📊 Opportunità Top: BTC | APY: 2370.7% (Rate: 0.2706%/h) | Prezzo: $81,286.00
[2026-08-25 12:53:37] [INFO] [hyperliquid_bot.strategy.funding]: 📊 Opportunità Top: BTC | APY: 2369.24% (Rate: 0.2705%/h) | Prezzo: $81,291.00
[2026-08-25 12:54:06] [INFO] [hyperliquid_bot.strategy.funding]: 📊 Opportunità Top: BTC | APY: 2366.85% (Rate: 0.2702%/h) | Prezzo: $81,286.00
[2026-08-25 12:54:37] [INFO] [hyperliquid_bot.strategy.funding]: 📊 Opportunità Top: BTC | APY: 2366.13% (Rate: 0.2701%/h) | Prezzo: $81,291.90
[2026-08-25 12:55:07] [INFO] [hyperliquid_bot.strategy.funding]: 📊 Opportunità Top: BTC | APY: 2365.46% (Rate: 0.2700%/h) | Prezzo: $81,289.00
[2026-08-25 12:55:37] [INFO] [hyperliquid_bot.strategy.funding]: 📊 Opportunità Top: BTC | APY: 2363.28% (Rate: 0.2698%/h) | Prezzo: $81,310.70
[2026-08-25 12:56:07] [INFO] [hyperliquid_bot.strategy.funding]: 📊 Opportunità Top: BTC | APY: 2362.59% (Rate: 0.2697%/h) | Prezzo: $81,292.00
[2026-08-25 12:56:07] [INFO] [hyperliquid_bot.engine]: 
=================================================================
📊 [RESOCONTO GUADAGNI FUNDING ARBITRAGE]
   Capitale Allocato:        $150.00 (3 posizioni attive)
   Rendita Oraria Stimata:   +$0.2882/h (+$6.92/giorno)
   Funding Maturato Attuale: +$0.0961 USD
   Totale Guadagni Incassati:+$0.3258 USD
-----------------------------------------------------------------
   • BTC   | Size: 0.0006 ($50.00) | APY: 2436.60% | Attiva da: 0.3h | Funding: +$0.0464
   • SOL   | Size: 0.4846 ($50.00) | APY: 1667.38% | Attiva da: 0.3h | Funding: +$0.0317
   • HYPE  | Size: 1.2500 ($50.00) | APY:  945.30% | Attiva da: 0.3h | Funding: +$0.0180
=================================================================
[2026-08-25 12:56:37] [INFO] [hyperliquid_bot.strategy.funding]: 📊 Opportunità Top: BTC | APY: 2361.93% (Rate: 0.2696%/h) | Prezzo: $81,316.00
[2026-08-25 12:57:07] [INFO] [hyperliquid_bot.strategy.funding]: 📊 Opportunità Top: BTC | APY: 2361.13% (Rate: 0.2695%/h) | Prezzo: $81,318.00
[2026-08-25 12:57:37] [INFO] [hyperliquid_bot.strategy.funding]: 📊 Opportunità Top: BTC | APY: 2360.51% (Rate: 0.2695%/h) | Prezzo: $81,280.00
[2026-08-25 12:58:07] [INFO] [hyperliquid_bot.strategy.funding]: 📊 Opportunità Top: BTC | APY: 2359.94% (Rate: 0.2694%/h) | Prezzo: $81,293.00
[2026-08-25 12:58:37] [INFO] [hyperliquid_bot.strategy.funding]: 📊 Opportunità Top: BTC | APY: 2358.32% (Rate: 0.2692%/h) | Prezzo: $81,283.00
[2026-08-25 12:59:06] [INFO] [hyperliquid_bot.strategy.funding]: 📊 Opportunità Top: BTC | APY: 2358.21% (Rate: 0.2692%/h) | Prezzo: $81,238.00
[2026-08-25 12:59:37] [INFO] [hyperliquid_bot.strategy.funding]: 📊 Opportunità Top: BTC | APY: 2358.29% (Rate: 0.2692%/h) | Prezzo: $81,231.00
[2026-08-25 13:00:07] [INFO] [hyperliquid_bot.strategy.funding]: 📊 Opportunità Top: BTC | APY: 2386.13% (Rate: 0.2724%/h) | Prezzo: $81,223.00
[2026-08-25 13:00:07] [INFO] [hyperliquid_bot.strategy.funding]: 🔻 Chiusura posizione su HYPE: APY (0.00%) sotto la soglia di uscita (3.0%). Funding incassato: $0.0216
[2026-08-25 13:00:07] [INFO] [hyperliquid_bot.strategy.funding]: ✅ [DRY-RUN] Entrata Delta-Neutral simulata su XMR: Size: 0.1057 ($50.00) @ APY 744.48%
[2026-08-25 13:00:37] [INFO] [hyperliquid_bot.strategy.funding]: 📊 Opportunità Top: BTC | APY: 2390.72% (Rate: 0.2729%/h) | Prezzo: $81,161.00
[2026-08-25 13:01:06] [INFO] [hyperliquid_bot.strategy.funding]: 📊 Opportunità Top: BTC | APY: 2321.74% (Rate: 0.2650%/h) | Prezzo: $81,248.00
[2026-08-25 13:01:37] [INFO] [hyperliquid_bot.strategy.funding]: 📊 Opportunità Top: BTC | APY: 2339.2% (Rate: 0.2670%/h) | Prezzo: $81,252.00
[2026-08-25 13:01:37] [INFO] [hyperliquid_bot.engine]: 
=================================================================
📊 [RESOCONTO GUADAGNI FUNDING ARBITRAGE]
   Capitale Allocato:        $150.00 (3 posizioni attive)
   Rendita Oraria Stimata:   +$0.2767/h (+$6.64/giorno)
   Funding Maturato Attuale: +$0.1006 USD
   Totale Guadagni Incassati:+$0.3519 USD
-----------------------------------------------------------------
   • BTC   | Size: 0.0006 ($50.00) | APY: 2436.60% | Attiva da: 0.4h | Funding: +$0.0591
   • SOL   | Size: 0.4846 ($50.00) | APY: 1667.38% | Attiva da: 0.4h | Funding: +$0.0405
   • XMR   | Size: 0.1057 ($50.00) | APY:  744.48% | Attiva da: 0.0h | Funding: +$0.0011
=================================================================
[2026-08-25 13:02:07] [INFO] [hyperliquid_bot.strategy.funding]: 📊 Opportunità Top: BTC | APY: 2348.0% (Rate: 0.2680%/h) | Prezzo: $81,255.00
[2026-08-25 13:02:37] [INFO] [hyperliquid_bot.strategy.funding]: 📊 Opportunità Top: BTC | APY: 2272.81% (Rate: 0.2595%/h) | Prezzo: $81,247.00
[2026-08-25 13:03:07] [INFO] [hyperliquid_bot.strategy.funding]: 📊 Opportunità Top: BTC | APY: 2288.39% (Rate: 0.2612%/h) | Prezzo: $81,227.80
[2026-08-25 13:03:37] [INFO] [hyperliquid_bot.strategy.funding]: 📊 Opportunità Top: BTC | APY: 2306.61% (Rate: 0.2633%/h) | Prezzo: $81,213.00
[2026-08-25 13:04:07] [INFO] [hyperliquid_bot.strategy.funding]: 📊 Opportunità Top: BTC | APY: 2323.36% (Rate: 0.2652%/h) | Prezzo: $81,215.00
[2026-08-25 13:04:37] [INFO] [hyperliquid_bot.strategy.funding]: 📊 Opportunità Top: BTC | APY: 2335.65% (Rate: 0.2666%/h) | Prezzo: $81,217.00
[2026-08-25 13:05:07] [INFO] [hyperliquid_bot.strategy.funding]: 📊 Opportunità Top: BTC | APY: 2332.84% (Rate: 0.2663%/h) | Prezzo: $81,213.00
[2026-08-25 13:05:37] [INFO] [hyperliquid_bot.strategy.funding]: 📊 Opportunità Top: BTC | APY: 2345.11% (Rate: 0.2677%/h) | Prezzo: $81,198.00
[2026-08-25 13:06:07] [INFO] [hyperliquid_bot.strategy.funding]: 📊 Opportunità Top: BTC | APY: 2341.64% (Rate: 0.2673%/h) | Prezzo: $81,199.00
[2026-08-25 13:06:37] [INFO] [hyperliquid_bot.strategy.funding]: 📊 Opportunità Top: BTC | APY: 2341.49% (Rate: 0.2673%/h) | Prezzo: $81,213.00
[2026-08-25 13:06:37] [INFO] [hyperliquid_bot.engine]: 
=================================================================
📊 [RESOCONTO GUADAGNI FUNDING ARBITRAGE]
   Capitale Allocato:        $150.00 (3 posizioni attive)
   Rendita Oraria Stimata:   +$0.2767/h (+$6.64/giorno)
   Funding Maturato Attuale: +$0.1237 USD
   Totale Guadagni Incassati:+$0.3750 USD
-----------------------------------------------------------------
   • BTC   | Size: 0.0006 ($50.00) | APY: 2436.60% | Attiva da: 0.5h | Funding: +$0.0707
   • SOL   | Size: 0.4846 ($50.00) | APY: 1667.38% | Attiva da: 0.5h | Funding: +$0.0484
   • XMR   | Size: 0.1057 ($50.00) | APY:  744.48% | Attiva da: 0.1h | Funding: +$0.0046
=================================================================
[2026-08-25 13:07:07] [INFO] [hyperliquid_bot.strategy.funding]: 📊 Opportunità Top: BTC | APY: 2337.18% (Rate: 0.2668%/h) | Prezzo: $81,213.00
[2026-08-25 13:07:37] [INFO] [hyperliquid_bot.strategy.funding]: 📊 Opportunità Top: BTC | APY: 2335.31% (Rate: 0.2666%/h) | Prezzo: $81,211.00
[2026-08-25 13:08:07] [INFO] [hyperliquid_bot.strategy.funding]: 📊 Opportunità Top: BTC | APY: 2333.37% (Rate: 0.2664%/h) | Prezzo: $81,211.00
[2026-08-25 13:08:37] [INFO] [hyperliquid_bot.strategy.funding]: 📊 Opportunità Top: BTC | APY: 2330.94% (Rate: 0.2661%/h) | Prezzo: $81,215.00
[2026-08-25 13:09:07] [INFO] [hyperliquid_bot.strategy.funding]: 📊 Opportunità Top: BTC | APY: 2329.67% (Rate: 0.2659%/h) | Prezzo: $81,217.00
[2026-08-25 13:09:37] [INFO] [hyperliquid_bot.strategy.funding]: 📊 Opportunità Top: BTC | APY: 2330.58% (Rate: 0.2660%/h) | Prezzo: $81,215.60
[2026-08-25 13:10:07] [INFO] [hyperliquid_bot.strategy.funding]: 📊 Opportunità Top: BTC | APY: 2336.07% (Rate: 0.2667%/h) | Prezzo: $81,157.90
[2026-08-25 13:10:37] [INFO] [hyperliquid_bot.strategy.funding]: 📊 Opportunità Top: BTC | APY: 2343.52% (Rate: 0.2675%/h) | Prezzo: $81,106.30
[2026-08-25 13:11:07] [INFO] [hyperliquid_bot.strategy.funding]: 📊 Opportunità Top: BTC | APY: 2355.17% (Rate: 0.2689%/h) | Prezzo: $81,071.00
[2026-08-25 13:11:37] [INFO] [hyperliquid_bot.strategy.funding]: 📊 Opportunità Top: BTC | APY: 2368.28% (Rate: 0.2704%/h) | Prezzo: $81,074.00
[2026-08-25 13:12:07] [INFO] [hyperliquid_bot.strategy.funding]: 📊 Opportunità Top: BTC | APY: 2342.23% (Rate: 0.2674%/h) | Prezzo: $81,120.00
[2026-08-25 13:12:07] [INFO] [hyperliquid_bot.engine]: 
=================================================================
📊 [RESOCONTO GUADAGNI FUNDING ARBITRAGE]
   Capitale Allocato:        $150.00 (3 posizioni attive)
   Rendita Oraria Stimata:   +$0.2767/h (+$6.64/giorno)
   Funding Maturato Attuale: +$0.1491 USD
   Totale Guadagni Incassati:+$0.4004 USD
-----------------------------------------------------------------
   • BTC   | Size: 0.0006 ($50.00) | APY: 2436.60% | Attiva da: 0.6h | Funding: +$0.0835
   • SOL   | Size: 0.4846 ($50.00) | APY: 1667.38% | Attiva da: 0.6h | Funding: +$0.0571
   • XMR   | Size: 0.1057 ($50.00) | APY:  744.48% | Attiva da: 0.2h | Funding: +$0.0085
=================================================================
[2026-08-25 13:12:37] [INFO] [hyperliquid_bot.strategy.funding]: 📊 Opportunità Top: BTC | APY: 2338.05% (Rate: 0.2669%/h) | Prezzo: $81,128.00
[2026-08-25 13:13:07] [ERROR] [hyperliquid_bot.strategy.funding]: Error scanning funding rates: (502, '<html>\r\n<head><title>502 Bad Gateway</title></head>\r\n<body>\r\n<center><h1>502 Bad Gateway</h1></center>\r\n<hr><center>nginx/1.26.2</center>\r\n</body>\r\n</html>\r\n')
[2026-08-25 13:13:07] [INFO] [hyperliquid_bot.strategy.funding]: 🔻 Chiusura posizione su BTC: APY (0.00%) sotto la soglia di uscita (3.0%). Funding incassato: $0.0858
[2026-08-25 13:13:07] [INFO] [hyperliquid_bot.strategy.funding]: 🔻 Chiusura posizione su SOL: APY (0.00%) sotto la soglia di uscita (3.0%). Funding incassato: $0.0587
[2026-08-25 13:13:07] [INFO] [hyperliquid_bot.strategy.funding]: 🔻 Chiusura posizione su XMR: APY (0.00%) sotto la soglia di uscita (3.0%). Funding incassato: $0.0092
[2026-08-25 13:13:37] [INFO] [hyperliquid_bot.strategy.funding]: 📊 Opportunità Top: BTC | APY: 2325.82% (Rate: 0.2655%/h) | Prezzo: $81,128.00
[2026-08-25 13:13:37] [INFO] [hyperliquid_bot.strategy.funding]: ✅ [DRY-RUN] Entrata Delta-Neutral simulata su BTC: Size: 0.0006 ($50.00) @ APY 2325.82%
[2026-08-25 13:13:37] [INFO] [hyperliquid_bot.strategy.funding]: ✅ [DRY-RUN] Entrata Delta-Neutral simulata su SOL: Size: 0.4841 ($50.00) @ APY 1341.62%
[2026-08-25 13:13:37] [INFO] [hyperliquid_bot.strategy.funding]: ✅ [DRY-RUN] Entrata Delta-Neutral simulata su XMR: Size: 0.1057 ($50.00) @ APY 770.27%
[2026-08-25 13:14:07] [INFO] [hyperliquid_bot.strategy.funding]: 📊 Opportunità Top: BTC | APY: 2302.91% (Rate: 0.2629%/h) | Prezzo: $81,181.00
[2026-08-25 13:14:37] [INFO] [hyperliquid_bot.strategy.funding]: 📊 Opportunità Top: BTC | APY: 2280.09% (Rate: 0.2603%/h) | Prezzo: $81,202.00
[2026-08-25 13:15:07] [INFO] [hyperliquid_bot.strategy.funding]: 📊 Opportunità Top: BTC | APY: 2259.49% (Rate: 0.2579%/h) | Prezzo: $81,168.00
[2026-08-25 13:15:37] [INFO] [hyperliquid_bot.strategy.funding]: 📊 Opportunità Top: BTC | APY: 2241.16% (Rate: 0.2558%/h) | Prezzo: $81,185.00
[2026-08-25 13:16:07] [INFO] [hyperliquid_bot.strategy.funding]: 📊 Opportunità Top: BTC | APY: 2223.42% (Rate: 0.2538%/h) | Prezzo: $81,206.00
[2026-08-25 13:16:37] [INFO] [hyperliquid_bot.strategy.funding]: 📊 Opportunità Top: BTC | APY: 2206.51% (Rate: 0.2519%/h) | Prezzo: $81,089.00
[2026-08-25 13:17:07] [INFO] [hyperliquid_bot.strategy.funding]: 📊 Opportunità Top: BTC | APY: 2190.62% (Rate: 0.2501%/h) | Prezzo: $81,089.00
[2026-08-25 13:17:37] [INFO] [hyperliquid_bot.strategy.funding]: 📊 Opportunità Top: BTC | APY: 2175.38% (Rate: 0.2483%/h) | Prezzo: $81,092.00
[2026-08-25 13:17:37] [INFO] [hyperliquid_bot.engine]: 
=================================================================
📊 [RESOCONTO GUADAGNI FUNDING ARBITRAGE]
   Capitale Allocato:        $150.00 (3 posizioni attive)
   Rendita Oraria Stimata:   +$0.2533/h (+$6.08/giorno)
   Funding Maturato Attuale: +$0.0169 USD
   Totale Guadagni Incassati:+$0.4219 USD
-----------------------------------------------------------------
   • BTC   | Size: 0.0006 ($50.00) | APY: 2325.82% | Attiva da: 0.1h | Funding: +$0.0089
   • SOL   | Size: 0.4841 ($50.00) | APY: 1341.62% | Attiva da: 0.1h | Funding: +$0.0051
   • XMR   | Size: 0.1057 ($50.00) | APY:  770.27% | Attiva da: 0.1h | Funding: +$0.0029
=================================================================
[2026-08-25 13:18:07] [INFO] [hyperliquid_bot.strategy.funding]: 📊 Opportunità Top: BTC | APY: 2174.0% (Rate: 0.2482%/h) | Prezzo: $81,095.00
[2026-08-25 13:18:37] [INFO] [hyperliquid_bot.strategy.funding]: 📊 Opportunità Top: BTC | APY: 2185.23% (Rate: 0.2495%/h) | Prezzo: $81,101.00
[2026-08-25 13:19:07] [INFO] [hyperliquid_bot.strategy.funding]: 📊 Opportunità Top: BTC | APY: 2194.48% (Rate: 0.2505%/h) | Prezzo: $81,122.00
[2026-08-25 13:19:37] [INFO] [hyperliquid_bot.strategy.funding]: 📊 Opportunità Top: BTC | APY: 2202.65% (Rate: 0.2514%/h) | Prezzo: $81,178.00
[2026-08-25 13:20:07] [INFO] [hyperliquid_bot.strategy.funding]: 📊 Opportunità Top: BTC | APY: 2203.24% (Rate: 0.2515%/h) | Prezzo: $81,165.00
[2026-08-25 13:20:37] [INFO] [hyperliquid_bot.strategy.funding]: 📊 Opportunità Top: BTC | APY: 2211.52% (Rate: 0.2525%/h) | Prezzo: $81,180.00
[2026-08-25 13:21:07] [INFO] [hyperliquid_bot.strategy.funding]: 📊 Opportunità Top: BTC | APY: 2218.42% (Rate: 0.2532%/h) | Prezzo: $81,092.00
[2026-08-25 13:21:37] [INFO] [hyperliquid_bot.strategy.funding]: 📊 Opportunità Top: BTC | APY: 2225.3% (Rate: 0.2540%/h) | Prezzo: $81,092.00
[2026-08-25 13:22:07] [INFO] [hyperliquid_bot.strategy.funding]: 📊 Opportunità Top: BTC | APY: 2223.77% (Rate: 0.2539%/h) | Prezzo: $81,221.00
[2026-08-25 13:22:37] [INFO] [hyperliquid_bot.strategy.funding]: 📊 Opportunità Top: BTC | APY: 2228.81% (Rate: 0.2544%/h) | Prezzo: $81,203.00
[2026-08-25 13:23:07] [INFO] [hyperliquid_bot.strategy.funding]: 📊 Opportunità Top: BTC | APY: 2234.51% (Rate: 0.2551%/h) | Prezzo: $81,181.00
[2026-08-25 13:23:07] [INFO] [hyperliquid_bot.engine]: 
=================================================================
📊 [RESOCONTO GUADAGNI FUNDING ARBITRAGE]
   Capitale Allocato:        $150.00 (3 posizioni attive)
   Rendita Oraria Stimata:   +$0.2533/h (+$6.08/giorno)
   Funding Maturato Attuale: +$0.0401 USD
   Totale Guadagni Incassati:+$0.4451 USD
-----------------------------------------------------------------
   • BTC   | Size: 0.0006 ($50.00) | APY: 2325.82% | Attiva da: 0.2h | Funding: +$0.0210
   • SOL   | Size: 0.4841 ($50.00) | APY: 1341.62% | Attiva da: 0.2h | Funding: +$0.0121
   • XMR   | Size: 0.1057 ($50.00) | APY:  770.27% | Attiva da: 0.2h | Funding: +$0.0070
=================================================================
[2026-08-25 13:23:37] [INFO] [hyperliquid_bot.strategy.funding]: 📊 Opportunità Top: BTC | APY: 2235.77% (Rate: 0.2552%/h) | Prezzo: $81,181.00
[2026-08-25 13:24:07] [INFO] [hyperliquid_bot.strategy.funding]: 📊 Opportunità Top: BTC | APY: 2239.56% (Rate: 0.2557%/h) | Prezzo: $81,236.00
[2026-08-25 13:24:37] [INFO] [hyperliquid_bot.strategy.funding]: 📊 Opportunità Top: BTC | APY: 2243.64% (Rate: 0.2561%/h) | Prezzo: $81,215.00
[2026-08-25 13:25:07] [INFO] [hyperliquid_bot.strategy.funding]: 📊 Opportunità Top: BTC | APY: 2244.52% (Rate: 0.2562%/h) | Prezzo: $81,214.00
[2026-08-25 13:25:37] [INFO] [hyperliquid_bot.strategy.funding]: 📊 Opportunità Top: BTC | APY: 2239.19% (Rate: 0.2556%/h) | Prezzo: $81,228.00
[2026-08-25 13:26:07] [INFO] [hyperliquid_bot.strategy.funding]: 📊 Opportunità Top: BTC | APY: 2240.11% (Rate: 0.2557%/h) | Prezzo: $81,229.30
[2026-08-25 13:26:37] [INFO] [hyperliquid_bot.strategy.funding]: 📊 Opportunità Top: BTC | APY: 2239.23% (Rate: 0.2556%/h) | Prezzo: $81,152.40
[2026-08-25 13:27:07] [INFO] [hyperliquid_bot.strategy.funding]: 📊 Opportunità Top: BTC | APY: 2241.22% (Rate: 0.2558%/h) | Prezzo: $81,217.00
[2026-08-25 13:27:37] [INFO] [hyperliquid_bot.strategy.funding]: 📊 Opportunità Top: BTC | APY: 2240.1% (Rate: 0.2557%/h) | Prezzo: $81,193.00
[2026-08-25 13:28:07] [INFO] [hyperliquid_bot.strategy.funding]: 📊 Opportunità Top: BTC | APY: 2245.59% (Rate: 0.2563%/h) | Prezzo: $81,186.00
[2026-08-25 13:28:37] [INFO] [hyperliquid_bot.strategy.funding]: 📊 Opportunità Top: BTC | APY: 2250.84% (Rate: 0.2569%/h) | Prezzo: $81,089.00
[2026-08-25 13:28:37] [INFO] [hyperliquid_bot.engine]: 
=================================================================
📊 [RESOCONTO GUADAGNI FUNDING ARBITRAGE]
   Capitale Allocato:        $150.00 (3 posizioni attive)
   Rendita Oraria Stimata:   +$0.2533/h (+$6.08/giorno)
   Funding Maturato Attuale: +$0.0633 USD
   Totale Guadagni Incassati:+$0.4683 USD
-----------------------------------------------------------------
   • BTC   | Size: 0.0006 ($50.00) | APY: 2325.82% | Attiva da: 0.2h | Funding: +$0.0332
   • SOL   | Size: 0.4841 ($50.00) | APY: 1341.62% | Attiva da: 0.2h | Funding: +$0.0191
   • XMR   | Size: 0.1057 ($50.00) | APY:  770.27% | Attiva da: 0.2h | Funding: +$0.0110
=================================================================
[2026-08-25 13:29:07] [INFO] [hyperliquid_bot.strategy.funding]: 📊 Opportunità Top: BTC | APY: 2254.97% (Rate: 0.2574%/h) | Prezzo: $81,210.00
[2026-08-25 13:29:37] [INFO] [hyperliquid_bot.strategy.funding]: 📊 Opportunità Top: BTC | APY: 2259.3% (Rate: 0.2579%/h) | Prezzo: $81,179.00
[2026-08-25 13:30:07] [INFO] [hyperliquid_bot.strategy.funding]: 📊 Opportunità Top: BTC | APY: 2263.17% (Rate: 0.2584%/h) | Prezzo: $81,202.00
[2026-08-25 13:30:37] [INFO] [hyperliquid_bot.strategy.funding]: 📊 Opportunità Top: BTC | APY: 2266.17% (Rate: 0.2587%/h) | Prezzo: $81,225.00
[2026-08-25 13:31:07] [INFO] [hyperliquid_bot.strategy.funding]: 📊 Opportunità Top: BTC | APY: 2266.62% (Rate: 0.2587%/h) | Prezzo: $81,222.00
[2026-08-25 13:31:37] [INFO] [hyperliquid_bot.strategy.funding]: 📊 Opportunità Top: BTC | APY: 2268.81% (Rate: 0.2590%/h) | Prezzo: $81,244.00
[2026-08-25 13:32:07] [INFO] [hyperliquid_bot.strategy.funding]: 📊 Opportunità Top: BTC | APY: 2268.47% (Rate: 0.2590%/h) | Prezzo: $81,247.00
[2026-08-25 13:32:37] [INFO] [hyperliquid_bot.strategy.funding]: 📊 Opportunità Top: BTC | APY: 2270.66% (Rate: 0.2592%/h) | Prezzo: $81,242.00
[2026-08-25 13:33:07] [INFO] [hyperliquid_bot.strategy.funding]: 📊 Opportunità Top: BTC | APY: 2270.39% (Rate: 0.2592%/h) | Prezzo: $81,264.00
[2026-08-25 13:33:37] [INFO] [hyperliquid_bot.strategy.funding]: 📊 Opportunità Top: BTC | APY: 2272.87% (Rate: 0.2595%/h) | Prezzo: $81,230.00
[2026-08-25 13:34:07] [INFO] [hyperliquid_bot.strategy.funding]: 📊 Opportunità Top: BTC | APY: 2274.97% (Rate: 0.2597%/h) | Prezzo: $81,251.00
[2026-08-25 13:34:07] [INFO] [hyperliquid_bot.engine]: 
=================================================================
📊 [RESOCONTO GUADAGNI FUNDING ARBITRAGE]
   Capitale Allocato:        $150.00 (3 posizioni attive)
   Rendita Oraria Stimata:   +$0.2533/h (+$6.08/giorno)
   Funding Maturato Attuale: +$0.0866 USD
   Totale Guadagni Incassati:+$0.4915 USD
-----------------------------------------------------------------
   • BTC   | Size: 0.0006 ($50.00) | APY: 2325.82% | Attiva da: 0.3h | Funding: +$0.0454
   • SOL   | Size: 0.4841 ($50.00) | APY: 1341.62% | Attiva da: 0.3h | Funding: +$0.0262
   • XMR   | Size: 0.1057 ($50.00) | APY:  770.27% | Attiva da: 0.3h | Funding: +$0.0150
=================================================================
[2026-08-25 13:34:37] [INFO] [hyperliquid_bot.strategy.funding]: 📊 Opportunità Top: BTC | APY: 2274.35% (Rate: 0.2596%/h) | Prezzo: $81,254.00
[2026-08-25 13:35:07] [INFO] [hyperliquid_bot.strategy.funding]: 📊 Opportunità Top: BTC | APY: 2275.67% (Rate: 0.2598%/h) | Prezzo: $81,252.00
[2026-08-25 13:35:37] [INFO] [hyperliquid_bot.strategy.funding]: 📊 Opportunità Top: BTC | APY: 2274.88% (Rate: 0.2597%/h) | Prezzo: $81,252.00
[2026-08-25 13:36:07] [INFO] [hyperliquid_bot.strategy.funding]: 📊 Opportunità Top: BTC | APY: 2275.67% (Rate: 0.2598%/h) | Prezzo: $81,252.00
[2026-08-25 13:36:37] [INFO] [hyperliquid_bot.strategy.funding]: 📊 Opportunità Top: BTC | APY: 2276.3% (Rate: 0.2599%/h) | Prezzo: $81,252.00
[2026-08-25 13:37:07] [INFO] [hyperliquid_bot.strategy.funding]: 📊 Opportunità Top: BTC | APY: 2274.22% (Rate: 0.2596%/h) | Prezzo: $81,276.00
[2026-08-25 13:37:37] [INFO] [hyperliquid_bot.strategy.funding]: 📊 Opportunità Top: BTC | APY: 2270.16% (Rate: 0.2592%/h) | Prezzo: $81,298.00
[2026-08-25 13:38:07] [INFO] [hyperliquid_bot.strategy.funding]: 📊 Opportunità Top: BTC | APY: 2269.82% (Rate: 0.2591%/h) | Prezzo: $81,310.00
[2026-08-25 13:38:37] [INFO] [hyperliquid_bot.strategy.funding]: 📊 Opportunità Top: BTC | APY: 2269.48% (Rate: 0.2591%/h) | Prezzo: $81,311.00
[2026-08-25 13:39:07] [INFO] [hyperliquid_bot.strategy.funding]: 📊 Opportunità Top: BTC | APY: 2264.27% (Rate: 0.2585%/h) | Prezzo: $81,303.10
[2026-08-25 13:39:37] [INFO] [hyperliquid_bot.strategy.funding]: 📊 Opportunità Top: BTC | APY: 2265.32% (Rate: 0.2586%/h) | Prezzo: $81,257.80
[2026-08-25 13:39:37] [INFO] [hyperliquid_bot.engine]: 
=================================================================
📊 [RESOCONTO GUADAGNI FUNDING ARBITRAGE]
   Capitale Allocato:        $150.00 (3 posizioni attive)
   Rendita Oraria Stimata:   +$0.2533/h (+$6.08/giorno)
   Funding Maturato Attuale: +$0.1098 USD
   Totale Guadagni Incassati:+$0.5147 USD
-----------------------------------------------------------------
   • BTC   | Size: 0.0006 ($50.00) | APY: 2325.82% | Attiva da: 0.4h | Funding: +$0.0575
   • SOL   | Size: 0.4841 ($50.00) | APY: 1341.62% | Attiva da: 0.4h | Funding: +$0.0332
   • XMR   | Size: 0.1057 ($50.00) | APY:  770.27% | Attiva da: 0.4h | Funding: +$0.0191
=================================================================
[2026-08-25 13:40:07] [INFO] [hyperliquid_bot.strategy.funding]: 📊 Opportunità Top: BTC | APY: 2266.84% (Rate: 0.2588%/h) | Prezzo: $81,257.00
[2026-08-25 13:40:37] [INFO] [hyperliquid_bot.strategy.funding]: 📊 Opportunità Top: BTC | APY: 2269.03% (Rate: 0.2590%/h) | Prezzo: $81,246.00
[2026-08-25 13:41:07] [INFO] [hyperliquid_bot.strategy.funding]: 📊 Opportunità Top: BTC | APY: 2271.24% (Rate: 0.2593%/h) | Prezzo: $81,295.00
[2026-08-25 13:41:37] [INFO] [hyperliquid_bot.strategy.funding]: 📊 Opportunità Top: BTC | APY: 2273.4% (Rate: 0.2595%/h) | Prezzo: $81,230.00
[2026-08-25 13:42:07] [INFO] [hyperliquid_bot.strategy.funding]: 📊 Opportunità Top: BTC | APY: 2274.42% (Rate: 0.2596%/h) | Prezzo: $81,230.00
[2026-08-25 13:42:37] [INFO] [hyperliquid_bot.strategy.funding]: 📊 Opportunità Top: BTC | APY: 2277.57% (Rate: 0.2600%/h) | Prezzo: $81,227.00
[2026-08-25 13:43:07] [INFO] [hyperliquid_bot.strategy.funding]: 📊 Opportunità Top: BTC | APY: 2280.82% (Rate: 0.2604%/h) | Prezzo: $81,230.00
[2026-08-25 13:43:37] [INFO] [hyperliquid_bot.strategy.funding]: 📊 Opportunità Top: BTC | APY: 2280.63% (Rate: 0.2603%/h) | Prezzo: $81,226.00
[2026-08-25 13:44:08] [INFO] [hyperliquid_bot.strategy.funding]: 📊 Opportunità Top: BTC | APY: 2283.6% (Rate: 0.2607%/h) | Prezzo: $81,226.00
[2026-08-25 13:44:37] [INFO] [hyperliquid_bot.strategy.funding]: 📊 Opportunità Top: BTC | APY: 2287.06% (Rate: 0.2611%/h) | Prezzo: $81,225.00
[2026-08-25 13:45:07] [INFO] [hyperliquid_bot.strategy.funding]: 📊 Opportunità Top: BTC | APY: 2290.78% (Rate: 0.2615%/h) | Prezzo: $81,214.00
[2026-08-25 13:45:07] [INFO] [hyperliquid_bot.engine]: 
=================================================================
📊 [RESOCONTO GUADAGNI FUNDING ARBITRAGE]
   Capitale Allocato:        $150.00 (3 posizioni attive)
   Rendita Oraria Stimata:   +$0.2533/h (+$6.08/giorno)
   Funding Maturato Attuale: +$0.1330 USD
   Totale Guadagni Incassati:+$0.5380 USD
-----------------------------------------------------------------
   • BTC   | Size: 0.0006 ($50.00) | APY: 2325.82% | Attiva da: 0.5h | Funding: +$0.0697
   • SOL   | Size: 0.4841 ($50.00) | APY: 1341.62% | Attiva da: 0.5h | Funding: +$0.0402
   • XMR   | Size: 0.1057 ($50.00) | APY:  770.27% | Attiva da: 0.5h | Funding: +$0.0231
=================================================================
[2026-08-25 13:45:37] [INFO] [hyperliquid_bot.strategy.funding]: 📊 Opportunità Top: BTC | APY: 2294.84% (Rate: 0.2620%/h) | Prezzo: $81,209.00
[2026-08-25 13:46:07] [INFO] [hyperliquid_bot.strategy.funding]: 📊 Opportunità Top: BTC | APY: 2299.03% (Rate: 0.2624%/h) | Prezzo: $81,219.00
[2026-08-25 13:46:37] [INFO] [hyperliquid_bot.strategy.funding]: 📊 Opportunità Top: BTC | APY: 2303.15% (Rate: 0.2629%/h) | Prezzo: $81,226.00
[2026-08-25 13:47:07] [INFO] [hyperliquid_bot.strategy.funding]: 📊 Opportunità Top: BTC | APY: 2306.67% (Rate: 0.2633%/h) | Prezzo: $81,166.00
[2026-08-25 13:47:37] [INFO] [hyperliquid_bot.strategy.funding]: 📊 Opportunità Top: BTC | APY: 2310.08% (Rate: 0.2637%/h) | Prezzo: $81,166.00
[2026-08-25 13:48:07] [INFO] [hyperliquid_bot.strategy.funding]: 📊 Opportunità Top: BTC | APY: 2313.48% (Rate: 0.2641%/h) | Prezzo: $81,166.00
[2026-08-25 13:48:38] [INFO] [hyperliquid_bot.strategy.funding]: 📊 Opportunità Top: BTC | APY: 2310.68% (Rate: 0.2638%/h) | Prezzo: $81,166.00
[2026-08-25 13:49:08] [INFO] [hyperliquid_bot.strategy.funding]: 📊 Opportunità Top: BTC | APY: 2304.77% (Rate: 0.2631%/h) | Prezzo: $81,166.00
[2026-08-25 13:49:38] [INFO] [hyperliquid_bot.strategy.funding]: 📊 Opportunità Top: BTC | APY: 2299.3% (Rate: 0.2625%/h) | Prezzo: $81,166.00
[2026-08-25 13:50:08] [INFO] [hyperliquid_bot.strategy.funding]: 📊 Opportunità Top: BTC | APY: 2294.23% (Rate: 0.2619%/h) | Prezzo: $81,166.00
[2026-08-25 13:50:08] [INFO] [hyperliquid_bot.engine]: 
=================================================================
📊 [RESOCONTO GUADAGNI FUNDING ARBITRAGE]
   Capitale Allocato:        $150.00 (3 posizioni attive)
   Rendita Oraria Stimata:   +$0.2533/h (+$6.08/giorno)
   Funding Maturato Attuale: +$0.1541 USD
   Totale Guadagni Incassati:+$0.5591 USD
-----------------------------------------------------------------
   • BTC   | Size: 0.0006 ($50.00) | APY: 2325.82% | Attiva da: 0.6h | Funding: +$0.0808
   • SOL   | Size: 0.4841 ($50.00) | APY: 1341.62% | Attiva da: 0.6h | Funding: +$0.0466
   • XMR   | Size: 0.1057 ($50.00) | APY:  770.27% | Attiva da: 0.6h | Funding: +$0.0268
=================================================================
[2026-08-25 13:50:38] [INFO] [hyperliquid_bot.strategy.funding]: 📊 Opportunità Top: BTC | APY: 2289.05% (Rate: 0.2613%/h) | Prezzo: $81,166.00
[2026-08-25 13:51:07] [INFO] [hyperliquid_bot.strategy.funding]: 📊 Opportunità Top: BTC | APY: 2288.12% (Rate: 0.2612%/h) | Prezzo: $81,166.00
[2026-08-25 13:51:38] [INFO] [hyperliquid_bot.strategy.funding]: 📊 Opportunità Top: BTC | APY: 2291.74% (Rate: 0.2616%/h) | Prezzo: $81,166.00
[2026-08-25 13:52:08] [INFO] [hyperliquid_bot.strategy.funding]: 📊 Opportunità Top: BTC | APY: 2295.34% (Rate: 0.2620%/h) | Prezzo: $81,166.00
[2026-08-25 13:52:38] [INFO] [hyperliquid_bot.strategy.funding]: 📊 Opportunità Top: BTC | APY: 2299.46% (Rate: 0.2625%/h) | Prezzo: $81,166.00
[2026-08-25 13:53:08] [INFO] [hyperliquid_bot.strategy.funding]: 📊 Opportunità Top: BTC | APY: 2303.5% (Rate: 0.2630%/h) | Prezzo: $81,166.00
[2026-08-25 13:53:38] [INFO] [hyperliquid_bot.strategy.funding]: 📊 Opportunità Top: BTC | APY: 2307.64% (Rate: 0.2634%/h) | Prezzo: $81,166.00
[2026-08-25 13:54:07] [INFO] [hyperliquid_bot.strategy.funding]: 📊 Opportunità Top: BTC | APY: 2311.66% (Rate: 0.2639%/h) | Prezzo: $81,166.00
[2026-08-25 13:54:38] [INFO] [hyperliquid_bot.strategy.funding]: 📊 Opportunità Top: BTC | APY: 2315.61% (Rate: 0.2643%/h) | Prezzo: $81,166.00
[2026-08-25 13:55:07] [INFO] [hyperliquid_bot.strategy.funding]: 📊 Opportunità Top: BTC | APY: 2319.57% (Rate: 0.2648%/h) | Prezzo: $81,166.00
[2026-08-25 13:55:38] [INFO] [hyperliquid_bot.strategy.funding]: 📊 Opportunità Top: BTC | APY: 2323.62% (Rate: 0.2653%/h) | Prezzo: $81,166.00
[2026-08-25 13:55:38] [INFO] [hyperliquid_bot.engine]: 
=================================================================
📊 [RESOCONTO GUADAGNI FUNDING ARBITRAGE]
   Capitale Allocato:        $150.00 (3 posizioni attive)
   Rendita Oraria Stimata:   +$0.2533/h (+$6.08/giorno)
   Funding Maturato Attuale: +$0.1773 USD
   Totale Guadagni Incassati:+$0.5823 USD
-----------------------------------------------------------------
   • BTC   | Size: 0.0006 ($50.00) | APY: 2325.82% | Attiva da: 0.7h | Funding: +$0.0929
   • SOL   | Size: 0.4841 ($50.00) | APY: 1341.62% | Attiva da: 0.7h | Funding: +$0.0536
   • XMR   | Size: 0.1057 ($50.00) | APY:  770.27% | Attiva da: 0.7h | Funding: +$0.0308
=================================================================
[2026-08-25 13:56:08] [INFO] [hyperliquid_bot.strategy.funding]: 📊 Opportunità Top: BTC | APY: 2327.35% (Rate: 0.2657%/h) | Prezzo: $81,166.00
[2026-08-25 13:56:38] [INFO] [hyperliquid_bot.strategy.funding]: 📊 Opportunità Top: BTC | APY: 2330.81% (Rate: 0.2661%/h) | Prezzo: $81,166.00
[2026-08-25 13:57:07] [INFO] [hyperliquid_bot.strategy.funding]: 📊 Opportunità Top: BTC | APY: 2333.99% (Rate: 0.2664%/h) | Prezzo: $81,166.00
[2026-08-25 13:57:38] [INFO] [hyperliquid_bot.strategy.funding]: 📊 Opportunità Top: BTC | APY: 2336.7% (Rate: 0.2667%/h) | Prezzo: $81,166.00
[2026-08-25 13:58:08] [INFO] [hyperliquid_bot.strategy.funding]: 📊 Opportunità Top: BTC | APY: 2339.32% (Rate: 0.2670%/h) | Prezzo: $81,166.00
[2026-08-25 13:58:38] [INFO] [hyperliquid_bot.strategy.funding]: 📊 Opportunità Top: BTC | APY: 2341.76% (Rate: 0.2673%/h) | Prezzo: $81,166.00
[2026-08-25 13:59:08] [INFO] [hyperliquid_bot.strategy.funding]: 📊 Opportunità Top: BTC | APY: 2344.19% (Rate: 0.2676%/h) | Prezzo: $81,166.00
[2026-08-25 13:59:38] [INFO] [hyperliquid_bot.strategy.funding]: 📊 Opportunità Top: BTC | APY: 2346.63% (Rate: 0.2679%/h) | Prezzo: $81,166.00
[2026-08-25 14:00:08] [INFO] [hyperliquid_bot.strategy.funding]: 📊 Opportunità Top: BTC | APY: 2688.32% (Rate: 0.3069%/h) | Prezzo: $81,166.00
[2026-08-25 14:00:37] [INFO] [hyperliquid_bot.strategy.funding]: 📊 Opportunità Top: BTC | APY: 2442.91% (Rate: 0.2789%/h) | Prezzo: $81,160.00
[2026-08-25 14:01:08] [INFO] [hyperliquid_bot.strategy.funding]: 📊 Opportunità Top: HYPE | APY: 2316.72% (Rate: 0.2645%/h) | Prezzo: $40.61
[2026-08-25 14:01:08] [INFO] [hyperliquid_bot.engine]: 
=================================================================
📊 [RESOCONTO GUADAGNI FUNDING ARBITRAGE]
   Capitale Allocato:        $150.00 (3 posizioni attive)
   Rendita Oraria Stimata:   +$0.2533/h (+$6.08/giorno)
   Funding Maturato Attuale: +$0.2006 USD
   Totale Guadagni Incassati:+$0.6056 USD
-----------------------------------------------------------------
   • BTC   | Size: 0.0006 ($50.00) | APY: 2325.82% | Attiva da: 0.8h | Funding: +$0.1051
   • SOL   | Size: 0.4841 ($50.00) | APY: 1341.62% | Attiva da: 0.8h | Funding: +$0.0606
   • XMR   | Size: 0.1057 ($50.00) | APY:  770.27% | Attiva da: 0.8h | Funding: +$0.0348
=================================================================
[2026-08-25 14:01:38] [INFO] [hyperliquid_bot.strategy.funding]: 📊 Opportunità Top: HYPE | APY: 2323.36% (Rate: 0.2652%/h) | Prezzo: $40.61
[2026-08-25 14:02:07] [INFO] [hyperliquid_bot.strategy.funding]: 📊 Opportunità Top: HYPE | APY: 2326.93% (Rate: 0.2656%/h) | Prezzo: $40.61
[2026-08-25 14:02:38] [INFO] [hyperliquid_bot.strategy.funding]: 📊 Opportunità Top: HYPE | APY: 2314.65% (Rate: 0.2642%/h) | Prezzo: $40.61
[2026-08-25 14:03:07] [INFO] [hyperliquid_bot.strategy.funding]: 📊 Opportunità Top: HYPE | APY: 2306.24% (Rate: 0.2633%/h) | Prezzo: $40.61
[2026-08-25 14:03:38] [INFO] [hyperliquid_bot.strategy.funding]: 📊 Opportunità Top: PAXG | APY: 2474.14% (Rate: 0.2824%/h) | Prezzo: $4,893.20
[2026-08-25 14:04:08] [INFO] [hyperliquid_bot.strategy.funding]: 📊 Opportunità Top: PAXG | APY: 2609.57% (Rate: 0.2979%/h) | Prezzo: $4,893.20
[2026-08-25 14:04:38] [INFO] [hyperliquid_bot.strategy.funding]: 📊 Opportunità Top: PAXG | APY: 2714.8% (Rate: 0.3099%/h) | Prezzo: $4,893.20
[2026-08-25 14:05:07] [INFO] [hyperliquid_bot.strategy.funding]: 📊 Opportunità Top: PAXG | APY: 2798.84% (Rate: 0.3195%/h) | Prezzo: $4,893.20
[2026-08-25 14:05:38] [INFO] [hyperliquid_bot.strategy.funding]: 📊 Opportunità Top: PAXG | APY: 2867.67% (Rate: 0.3274%/h) | Prezzo: $4,893.20
[2026-08-25 14:06:08] [INFO] [hyperliquid_bot.strategy.funding]: 📊 Opportunità Top: PAXG | APY: 2665.55% (Rate: 0.3043%/h) | Prezzo: $4,893.20
[2026-08-25 14:06:38] [INFO] [hyperliquid_bot.strategy.funding]: 📊 Opportunità Top: PAXG | APY: 2497.65% (Rate: 0.2851%/h) | Prezzo: $4,893.20
[2026-08-25 14:06:38] [INFO] [hyperliquid_bot.engine]: 
=================================================================
📊 [RESOCONTO GUADAGNI FUNDING ARBITRAGE]
   Capitale Allocato:        $150.00 (3 posizioni attive)
   Rendita Oraria Stimata:   +$0.2533/h (+$6.08/giorno)
   Funding Maturato Attuale: +$0.2238 USD
   Totale Guadagni Incassati:+$0.6288 USD
-----------------------------------------------------------------
   • BTC   | Size: 0.0006 ($50.00) | APY: 2325.82% | Attiva da: 0.9h | Funding: +$0.1173
   • SOL   | Size: 0.4841 ($50.00) | APY: 1341.62% | Attiva da: 0.9h | Funding: +$0.0677
   • XMR   | Size: 0.1057 ($50.00) | APY:  770.27% | Attiva da: 0.9h | Funding: +$0.0388
=================================================================
[2026-08-25 14:07:08] [INFO] [hyperliquid_bot.strategy.funding]: 📊 Opportunità Top: PAXG | APY: 2354.47% (Rate: 0.2688%/h) | Prezzo: $4,893.20
[2026-08-25 14:07:38] [INFO] [hyperliquid_bot.strategy.funding]: 📊 Opportunità Top: HYPE | APY: 2273.16% (Rate: 0.2595%/h) | Prezzo: $40.61
[2026-08-25 14:08:08] [INFO] [hyperliquid_bot.strategy.funding]: 📊 Opportunità Top: HYPE | APY: 2268.74% (Rate: 0.2590%/h) | Prezzo: $40.61
[2026-08-25 14:08:38] [INFO] [hyperliquid_bot.strategy.funding]: 📊 Opportunità Top: HYPE | APY: 2264.83% (Rate: 0.2585%/h) | Prezzo: $40.61
[2026-08-25 14:09:08] [INFO] [hyperliquid_bot.strategy.funding]: 📊 Opportunità Top: HYPE | APY: 2261.34% (Rate: 0.2581%/h) | Prezzo: $40.61
[2026-08-25 14:09:38] [INFO] [hyperliquid_bot.strategy.funding]: 📊 Opportunità Top: HYPE | APY: 2262.23% (Rate: 0.2582%/h) | Prezzo: $40.61
[2026-08-25 14:10:08] [INFO] [hyperliquid_bot.strategy.funding]: 📊 Opportunità Top: HYPE | APY: 2259.22% (Rate: 0.2579%/h) | Prezzo: $40.61
[2026-08-25 14:10:37] [INFO] [hyperliquid_bot.strategy.funding]: 📊 Opportunità Top: HYPE | APY: 2256.49% (Rate: 0.2576%/h) | Prezzo: $40.61
[2026-08-25 14:11:08] [INFO] [hyperliquid_bot.strategy.funding]: 📊 Opportunità Top: HYPE | APY: 2251.17% (Rate: 0.2570%/h) | Prezzo: $40.61
[2026-08-25 14:11:38] [INFO] [hyperliquid_bot.strategy.funding]: 📊 Opportunità Top: HYPE | APY: 2241.16% (Rate: 0.2558%/h) | Prezzo: $40.61
[2026-08-25 14:12:08] [INFO] [hyperliquid_bot.strategy.funding]: 📊 Opportunità Top: HYPE | APY: 2231.97% (Rate: 0.2548%/h) | Prezzo: $40.61
[2026-08-25 14:12:08] [INFO] [hyperliquid_bot.engine]: 
=================================================================
📊 [RESOCONTO GUADAGNI FUNDING ARBITRAGE]
   Capitale Allocato:        $150.00 (3 posizioni attive)
   Rendita Oraria Stimata:   +$0.2533/h (+$6.08/giorno)
   Funding Maturato Attuale: +$0.2470 USD
   Totale Guadagni Incassati:+$0.6520 USD
-----------------------------------------------------------------
   • BTC   | Size: 0.0006 ($50.00) | APY: 2325.82% | Attiva da: 1.0h | Funding: +$0.1295
   • SOL   | Size: 0.4841 ($50.00) | APY: 1341.62% | Attiva da: 1.0h | Funding: +$0.0747
   • XMR   | Size: 0.1057 ($50.00) | APY:  770.27% | Attiva da: 1.0h | Funding: +$0.0429
=================================================================
[2026-08-25 14:12:38] [INFO] [hyperliquid_bot.strategy.funding]: 📊 Opportunità Top: HYPE | APY: 2223.51% (Rate: 0.2538%/h) | Prezzo: $40.61
[2026-08-25 14:13:08] [INFO] [hyperliquid_bot.strategy.funding]: 📊 Opportunità Top: HYPE | APY: 2215.69% (Rate: 0.2529%/h) | Prezzo: $40.61
[2026-08-25 14:13:38] [INFO] [hyperliquid_bot.strategy.funding]: 📊 Opportunità Top: HYPE | APY: 2208.44% (Rate: 0.2521%/h) | Prezzo: $40.61
[2026-08-25 14:14:08] [INFO] [hyperliquid_bot.strategy.funding]: 📊 Opportunità Top: HYPE | APY: 2204.42% (Rate: 0.2516%/h) | Prezzo: $40.61
[2026-08-25 14:14:38] [INFO] [hyperliquid_bot.strategy.funding]: 📊 Opportunità Top: HYPE | APY: 2198.05% (Rate: 0.2509%/h) | Prezzo: $40.61
[2026-08-25 14:15:08] [INFO] [hyperliquid_bot.strategy.funding]: 📊 Opportunità Top: HYPE | APY: 2192.1% (Rate: 0.2502%/h) | Prezzo: $40.61
[2026-08-25 14:15:38] [INFO] [hyperliquid_bot.strategy.funding]: 📊 Opportunità Top: HYPE | APY: 2186.53% (Rate: 0.2496%/h) | Prezzo: $40.61
[2026-08-25 14:16:08] [INFO] [hyperliquid_bot.strategy.funding]: 📊 Opportunità Top: HYPE | APY: 2178.92% (Rate: 0.2487%/h) | Prezzo: $40.61
[2026-08-25 14:16:38] [INFO] [hyperliquid_bot.strategy.funding]: 📊 Opportunità Top: HYPE | APY: 2174.08% (Rate: 0.2482%/h) | Prezzo: $40.61
[2026-08-25 14:17:08] [INFO] [hyperliquid_bot.strategy.funding]: 📊 Opportunità Top: HYPE | APY: 2169.52% (Rate: 0.2477%/h) | Prezzo: $40.61
[2026-08-25 14:17:38] [INFO] [hyperliquid_bot.strategy.funding]: 📊 Opportunità Top: HYPE | APY: 2165.22% (Rate: 0.2472%/h) | Prezzo: $40.61
[2026-08-25 14:17:38] [INFO] [hyperliquid_bot.engine]: 
=================================================================
📊 [RESOCONTO GUADAGNI FUNDING ARBITRAGE]
   Capitale Allocato:        $150.00 (3 posizioni attive)
   Rendita Oraria Stimata:   +$0.2533/h (+$6.08/giorno)
   Funding Maturato Attuale: +$0.2703 USD
   Totale Guadagni Incassati:+$0.6752 USD
-----------------------------------------------------------------
   • BTC   | Size: 0.0006 ($50.00) | APY: 2325.82% | Attiva da: 1.1h | Funding: +$0.1416
   • SOL   | Size: 0.4841 ($50.00) | APY: 1341.62% | Attiva da: 1.1h | Funding: +$0.0817
   • XMR   | Size: 0.1057 ($50.00) | APY:  770.27% | Attiva da: 1.1h | Funding: +$0.0469
=================================================================
[2026-08-25 14:18:08] [INFO] [hyperliquid_bot.strategy.funding]: 📊 Opportunità Top: HYPE | APY: 2161.15% (Rate: 0.2467%/h) | Prezzo: $40.61
[2026-08-25 14:18:38] [INFO] [hyperliquid_bot.strategy.funding]: 📊 Opportunità Top: HYPE | APY: 2157.31% (Rate: 0.2463%/h) | Prezzo: $40.61
[2026-08-25 14:19:08] [INFO] [hyperliquid_bot.strategy.funding]: 📊 Opportunità Top: HYPE | APY: 2155.67% (Rate: 0.2461%/h) | Prezzo: $40.61
[2026-08-25 14:19:38] [INFO] [hyperliquid_bot.strategy.funding]: 📊 Opportunità Top: HYPE | APY: 2152.16% (Rate: 0.2457%/h) | Prezzo: $40.61
[2026-08-25 14:20:08] [INFO] [hyperliquid_bot.strategy.funding]: 📊 Opportunità Top: HYPE | APY: 2148.82% (Rate: 0.2453%/h) | Prezzo: $40.61
[2026-08-25 14:20:38] [INFO] [hyperliquid_bot.strategy.funding]: 📊 Opportunità Top: HYPE | APY: 2145.65% (Rate: 0.2449%/h) | Prezzo: $40.61
[2026-08-25 14:21:08] [INFO] [hyperliquid_bot.strategy.funding]: 📊 Opportunità Top: HYPE | APY: 2142.62% (Rate: 0.2446%/h) | Prezzo: $40.61
[2026-08-25 14:21:38] [INFO] [hyperliquid_bot.strategy.funding]: 📊 Opportunità Top: HYPE | APY: 2139.74% (Rate: 0.2443%/h) | Prezzo: $40.61
[2026-08-25 14:22:08] [INFO] [hyperliquid_bot.strategy.funding]: 📊 Opportunità Top: HYPE | APY: 2136.98% (Rate: 0.2439%/h) | Prezzo: $40.61
[2026-08-25 14:22:38] [INFO] [hyperliquid_bot.strategy.funding]: 📊 Opportunità Top: HYPE | APY: 2134.34% (Rate: 0.2436%/h) | Prezzo: $40.61
[2026-08-25 14:23:08] [INFO] [hyperliquid_bot.strategy.funding]: 📊 Opportunità Top: HYPE | APY: 2131.82% (Rate: 0.2434%/h) | Prezzo: $40.61
[2026-08-25 14:23:08] [INFO] [hyperliquid_bot.engine]: 
=================================================================
📊 [RESOCONTO GUADAGNI FUNDING ARBITRAGE]
   Capitale Allocato:        $150.00 (3 posizioni attive)
   Rendita Oraria Stimata:   +$0.2533/h (+$6.08/giorno)
   Funding Maturato Attuale: +$0.2934 USD
   Totale Guadagni Incassati:+$0.6984 USD
-----------------------------------------------------------------
   • BTC   | Size: 0.0006 ($50.00) | APY: 2325.82% | Attiva da: 1.2h | Funding: +$0.1538
   • SOL   | Size: 0.4841 ($50.00) | APY: 1341.62% | Attiva da: 1.2h | Funding: +$0.0887
   • XMR   | Size: 0.1057 ($50.00) | APY:  770.27% | Attiva da: 1.2h | Funding: +$0.0509
=================================================================
[2026-08-25 14:23:38] [INFO] [hyperliquid_bot.strategy.funding]: 📊 Opportunità Top: HYPE | APY: 2129.41% (Rate: 0.2431%/h) | Prezzo: $40.61
[2026-08-25 14:24:08] [INFO] [hyperliquid_bot.strategy.funding]: 📊 Opportunità Top: HYPE | APY: 2127.09% (Rate: 0.2428%/h) | Prezzo: $40.61
[2026-08-25 14:24:38] [INFO] [hyperliquid_bot.strategy.funding]: 📊 Opportunità Top: HYPE | APY: 2123.31% (Rate: 0.2424%/h) | Prezzo: $40.61
[2026-08-25 14:25:08] [INFO] [hyperliquid_bot.strategy.funding]: 📊 Opportunità Top: HYPE | APY: 2121.21% (Rate: 0.2421%/h) | Prezzo: $40.61
[2026-08-25 14:25:38] [INFO] [hyperliquid_bot.strategy.funding]: 📊 Opportunità Top: HYPE | APY: 2119.19% (Rate: 0.2419%/h) | Prezzo: $40.61
[2026-08-25 14:26:08] [INFO] [hyperliquid_bot.strategy.funding]: 📊 Opportunità Top: HYPE | APY: 2117.25% (Rate: 0.2417%/h) | Prezzo: $40.61
[2026-08-25 14:26:38] [INFO] [hyperliquid_bot.strategy.funding]: 📊 Opportunità Top: HYPE | APY: 2115.38% (Rate: 0.2415%/h) | Prezzo: $40.61
[2026-08-25 14:27:08] [INFO] [hyperliquid_bot.strategy.funding]: 📊 Opportunità Top: HYPE | APY: 2113.58% (Rate: 0.2413%/h) | Prezzo: $40.61
[2026-08-25 14:27:38] [INFO] [hyperliquid_bot.strategy.funding]: 📊 Opportunità Top: HYPE | APY: 2111.84% (Rate: 0.2411%/h) | Prezzo: $40.61
[2026-08-25 14:28:08] [INFO] [hyperliquid_bot.strategy.funding]: 📊 Opportunità Top: HYPE | APY: 2104.27% (Rate: 0.2402%/h) | Prezzo: $40.61
[2026-08-25 14:28:38] [INFO] [hyperliquid_bot.strategy.funding]: 📊 Opportunità Top: HYPE | APY: 2066.61% (Rate: 0.2359%/h) | Prezzo: $40.61
[2026-08-25 14:28:38] [INFO] [hyperliquid_bot.engine]: 
=================================================================
📊 [RESOCONTO GUADAGNI FUNDING ARBITRAGE]
   Capitale Allocato:        $150.00 (3 posizioni attive)
   Rendita Oraria Stimata:   +$0.2533/h (+$6.08/giorno)
   Funding Maturato Attuale: +$0.3167 USD
   Totale Guadagni Incassati:+$0.7217 USD
-----------------------------------------------------------------
   • BTC   | Size: 0.0006 ($50.00) | APY: 2325.82% | Attiva da: 1.3h | Funding: +$0.1660
   • SOL   | Size: 0.4841 ($50.00) | APY: 1341.62% | Attiva da: 1.3h | Funding: +$0.0957
   • XMR   | Size: 0.1057 ($50.00) | APY:  770.27% | Attiva da: 1.3h | Funding: +$0.0550
=================================================================
[2026-08-25 14:29:08] [INFO] [hyperliquid_bot.strategy.funding]: 📊 Opportunità Top: HYPE | APY: 2030.24% (Rate: 0.2318%/h) | Prezzo: $40.61
[2026-08-25 14:29:38] [INFO] [hyperliquid_bot.strategy.funding]: 📊 Opportunità Top: HYPE | APY: 1995.1% (Rate: 0.2278%/h) | Prezzo: $40.61
[2026-08-25 14:30:08] [INFO] [hyperliquid_bot.strategy.funding]: 📊 Opportunità Top: HYPE | APY: 1961.13% (Rate: 0.2239%/h) | Prezzo: $40.61
[2026-08-25 14:30:38] [INFO] [hyperliquid_bot.strategy.funding]: 📊 Opportunità Top: HYPE | APY: 1928.26% (Rate: 0.2201%/h) | Prezzo: $40.61
[2026-08-25 14:31:08] [INFO] [hyperliquid_bot.strategy.funding]: 📊 Opportunità Top: HYPE | APY: 1896.45% (Rate: 0.2165%/h) | Prezzo: $40.61
[2026-08-25 14:31:38] [INFO] [hyperliquid_bot.strategy.funding]: 📊 Opportunità Top: HYPE | APY: 1865.64% (Rate: 0.2130%/h) | Prezzo: $40.61
[2026-08-25 14:32:08] [INFO] [hyperliquid_bot.strategy.funding]: 📊 Opportunità Top: HYPE | APY: 1835.79% (Rate: 0.2096%/h) | Prezzo: $40.61
[2026-08-25 14:32:38] [INFO] [hyperliquid_bot.strategy.funding]: 📊 Opportunità Top: HYPE | APY: 1806.85% (Rate: 0.2063%/h) | Prezzo: $40.61
[2026-08-25 14:33:08] [INFO] [hyperliquid_bot.strategy.funding]: 📊 Opportunità Top: HYPE | APY: 1778.79% (Rate: 0.2031%/h) | Prezzo: $40.61
[2026-08-25 14:33:38] [INFO] [hyperliquid_bot.strategy.funding]: 📊 Opportunità Top: HYPE | APY: 1751.55% (Rate: 0.1999%/h) | Prezzo: $40.61
[2026-08-25 14:34:08] [INFO] [hyperliquid_bot.strategy.funding]: 📊 Opportunità Top: BTC | APY: 1725.93% (Rate: 0.1970%/h) | Prezzo: $80,830.00
[2026-08-25 14:34:08] [INFO] [hyperliquid_bot.engine]: 
=================================================================
📊 [RESOCONTO GUADAGNI FUNDING ARBITRAGE]
   Capitale Allocato:        $150.00 (3 posizioni attive)
   Rendita Oraria Stimata:   +$0.2533/h (+$6.08/giorno)
   Funding Maturato Attuale: +$0.3399 USD
   Totale Guadagni Incassati:+$0.7449 USD
-----------------------------------------------------------------
   • BTC   | Size: 0.0006 ($50.00) | APY: 2325.82% | Attiva da: 1.3h | Funding: +$0.1781
   • SOL   | Size: 0.4841 ($50.00) | APY: 1341.62% | Attiva da: 1.3h | Funding: +$0.1028
   • XMR   | Size: 0.1057 ($50.00) | APY:  770.27% | Attiva da: 1.3h | Funding: +$0.0590
=================================================================
[2026-08-25 14:34:38] [INFO] [hyperliquid_bot.strategy.funding]: 📊 Opportunità Top: BTC | APY: 1724.88% (Rate: 0.1969%/h) | Prezzo: $80,827.00
[2026-08-25 14:35:08] [INFO] [hyperliquid_bot.strategy.funding]: 📊 Opportunità Top: BTC | APY: 1723.33% (Rate: 0.1967%/h) | Prezzo: $80,862.00
[2026-08-25 14:35:38] [INFO] [hyperliquid_bot.strategy.funding]: 📊 Opportunità Top: BTC | APY: 1721.67% (Rate: 0.1965%/h) | Prezzo: $80,884.00
[2026-08-25 14:36:08] [INFO] [hyperliquid_bot.strategy.funding]: 📊 Opportunità Top: BTC | APY: 1720.58% (Rate: 0.1964%/h) | Prezzo: $80,899.00
[2026-08-25 14:36:38] [INFO] [hyperliquid_bot.strategy.funding]: 📊 Opportunità Top: BTC | APY: 1718.28% (Rate: 0.1962%/h) | Prezzo: $80,904.00
[2026-08-25 14:37:08] [INFO] [hyperliquid_bot.strategy.funding]: 📊 Opportunità Top: BTC | APY: 1715.05% (Rate: 0.1958%/h) | Prezzo: $80,917.00
[2026-08-25 14:37:38] [INFO] [hyperliquid_bot.strategy.funding]: 📊 Opportunità Top: BTC | APY: 1714.66% (Rate: 0.1957%/h) | Prezzo: $80,889.60
[2026-08-25 14:38:08] [INFO] [hyperliquid_bot.strategy.funding]: 📊 Opportunità Top: BTC | APY: 1714.71% (Rate: 0.1957%/h) | Prezzo: $80,893.00
[2026-08-25 14:38:38] [INFO] [hyperliquid_bot.strategy.funding]: 📊 Opportunità Top: BTC | APY: 1714.43% (Rate: 0.1957%/h) | Prezzo: $80,917.00
[2026-08-25 14:39:08] [INFO] [hyperliquid_bot.strategy.funding]: 📊 Opportunità Top: BTC | APY: 1714.47% (Rate: 0.1957%/h) | Prezzo: $80,897.00
[2026-08-25 14:39:38] [INFO] [hyperliquid_bot.strategy.funding]: 📊 Opportunità Top: BTC | APY: 1710.06% (Rate: 0.1952%/h) | Prezzo: $80,917.00
[2026-08-25 14:39:38] [INFO] [hyperliquid_bot.engine]: 
=================================================================
📊 [RESOCONTO GUADAGNI FUNDING ARBITRAGE]
   Capitale Allocato:        $150.00 (3 posizioni attive)
   Rendita Oraria Stimata:   +$0.2533/h (+$6.08/giorno)
   Funding Maturato Attuale: +$0.3632 USD
   Totale Guadagni Incassati:+$0.7681 USD
-----------------------------------------------------------------
   • BTC   | Size: 0.0006 ($50.00) | APY: 2325.82% | Attiva da: 1.4h | Funding: +$0.1903
   • SOL   | Size: 0.4841 ($50.00) | APY: 1341.62% | Attiva da: 1.4h | Funding: +$0.1098
   • XMR   | Size: 0.1057 ($50.00) | APY:  770.27% | Attiva da: 1.4h | Funding: +$0.0630
=================================================================
[2026-08-25 14:40:08] [INFO] [hyperliquid_bot.strategy.funding]: 📊 Opportunità Top: BTC | APY: 1704.02% (Rate: 0.1945%/h) | Prezzo: $80,872.00
[2026-08-25 14:40:38] [INFO] [hyperliquid_bot.strategy.funding]: 📊 Opportunità Top: HYPE | APY: 1708.35% (Rate: 0.1950%/h) | Prezzo: $40.61
[2026-08-25 14:41:08] [INFO] [hyperliquid_bot.strategy.funding]: 📊 Opportunità Top: HYPE | APY: 1713.04% (Rate: 0.1956%/h) | Prezzo: $40.61
[2026-08-25 14:41:38] [INFO] [hyperliquid_bot.strategy.funding]: 📊 Opportunità Top: HYPE | APY: 1717.62% (Rate: 0.1961%/h) | Prezzo: $40.61
[2026-08-25 14:42:08] [INFO] [hyperliquid_bot.strategy.funding]: 📊 Opportunità Top: HYPE | APY: 1722.09% (Rate: 0.1966%/h) | Prezzo: $40.61
[2026-08-25 14:42:38] [INFO] [hyperliquid_bot.strategy.funding]: 📊 Opportunità Top: HYPE | APY: 1726.46% (Rate: 0.1971%/h) | Prezzo: $40.61
[2026-08-25 14:43:08] [INFO] [hyperliquid_bot.strategy.funding]: 📊 Opportunità Top: HYPE | APY: 1730.72% (Rate: 0.1976%/h) | Prezzo: $40.61
[2026-08-25 14:43:38] [INFO] [hyperliquid_bot.strategy.funding]: 📊 Opportunità Top: HYPE | APY: 1734.89% (Rate: 0.1980%/h) | Prezzo: $40.61
[2026-08-25 14:44:08] [INFO] [hyperliquid_bot.strategy.funding]: 📊 Opportunità Top: HYPE | APY: 1738.96% (Rate: 0.1985%/h) | Prezzo: $40.61
[2026-08-25 14:44:38] [INFO] [hyperliquid_bot.strategy.funding]: 📊 Opportunità Top: HYPE | APY: 1742.95% (Rate: 0.1990%/h) | Prezzo: $40.61
[2026-08-25 14:45:08] [INFO] [hyperliquid_bot.strategy.funding]: 📊 Opportunità Top: HYPE | APY: 1731.26% (Rate: 0.1976%/h) | Prezzo: $40.61
[2026-08-25 14:45:08] [INFO] [hyperliquid_bot.engine]: 
=================================================================
📊 [RESOCONTO GUADAGNI FUNDING ARBITRAGE]
   Capitale Allocato:        $150.00 (3 posizioni attive)
   Rendita Oraria Stimata:   +$0.2533/h (+$6.08/giorno)
   Funding Maturato Attuale: +$0.3863 USD
   Totale Guadagni Incassati:+$0.7913 USD
-----------------------------------------------------------------
   • BTC   | Size: 0.0006 ($50.00) | APY: 2325.82% | Attiva da: 1.5h | Funding: +$0.2025
   • SOL   | Size: 0.4841 ($50.00) | APY: 1341.62% | Attiva da: 1.5h | Funding: +$0.1168
   • XMR   | Size: 0.1057 ($50.00) | APY:  770.27% | Attiva da: 1.5h | Funding: +$0.0671
=================================================================
[2026-08-25 14:45:38] [INFO] [hyperliquid_bot.strategy.funding]: 📊 Opportunità Top: HYPE | APY: 1735.24% (Rate: 0.1981%/h) | Prezzo: $40.61
[2026-08-25 14:46:09] [INFO] [hyperliquid_bot.strategy.funding]: 📊 Opportunità Top: HYPE | APY: 1739.14% (Rate: 0.1985%/h) | Prezzo: $40.61
[2026-08-25 14:46:38] [INFO] [hyperliquid_bot.strategy.funding]: 📊 Opportunità Top: HYPE | APY: 1742.95% (Rate: 0.1990%/h) | Prezzo: $40.61
[2026-08-25 14:47:08] [INFO] [hyperliquid_bot.strategy.funding]: 📊 Opportunità Top: HYPE | APY: 1746.67% (Rate: 0.1994%/h) | Prezzo: $40.61
[2026-08-25 14:47:39] [INFO] [hyperliquid_bot.strategy.funding]: 📊 Opportunità Top: HYPE | APY: 1750.33% (Rate: 0.1998%/h) | Prezzo: $40.61
[2026-08-25 14:48:08] [INFO] [hyperliquid_bot.strategy.funding]: 📊 Opportunità Top: HYPE | APY: 1753.9% (Rate: 0.2002%/h) | Prezzo: $40.61
[2026-08-25 14:48:39] [INFO] [hyperliquid_bot.strategy.funding]: 📊 Opportunità Top: HYPE | APY: 1757.4% (Rate: 0.2006%/h) | Prezzo: $40.61
[2026-08-25 14:49:08] [INFO] [hyperliquid_bot.strategy.funding]: 📊 Opportunità Top: HYPE | APY: 1760.83% (Rate: 0.2010%/h) | Prezzo: $40.61
[2026-08-25 14:49:38] [INFO] [hyperliquid_bot.strategy.funding]: 📊 Opportunità Top: HYPE | APY: 1764.19% (Rate: 0.2014%/h) | Prezzo: $40.61
[2026-08-25 14:50:08] [INFO] [hyperliquid_bot.strategy.funding]: 📊 Opportunità Top: HYPE | APY: 1767.49% (Rate: 0.2018%/h) | Prezzo: $40.61
[2026-08-25 14:50:38] [INFO] [hyperliquid_bot.strategy.funding]: 📊 Opportunità Top: HYPE | APY: 1770.72% (Rate: 0.2021%/h) | Prezzo: $40.61
[2026-08-25 14:50:38] [INFO] [hyperliquid_bot.engine]: 
=================================================================
📊 [RESOCONTO GUADAGNI FUNDING ARBITRAGE]
   Capitale Allocato:        $150.00 (3 posizioni attive)
   Rendita Oraria Stimata:   +$0.2533/h (+$6.08/giorno)
   Funding Maturato Attuale: +$0.4096 USD
   Totale Guadagni Incassati:+$0.8146 USD
-----------------------------------------------------------------
   • BTC   | Size: 0.0006 ($50.00) | APY: 2325.82% | Attiva da: 1.6h | Funding: +$0.2147
   • SOL   | Size: 0.4841 ($50.00) | APY: 1341.62% | Attiva da: 1.6h | Funding: +$0.1238
   • XMR   | Size: 0.1057 ($50.00) | APY:  770.27% | Attiva da: 1.6h | Funding: +$0.0711
=================================================================
[2026-08-25 14:51:08] [INFO] [hyperliquid_bot.strategy.funding]: 📊 Opportunità Top: HYPE | APY: 1773.13% (Rate: 0.2024%/h) | Prezzo: $40.61
[2026-08-25 14:51:38] [INFO] [hyperliquid_bot.strategy.funding]: 📊 Opportunità Top: HYPE | APY: 1775.5% (Rate: 0.2027%/h) | Prezzo: $40.61
[2026-08-25 14:52:08] [INFO] [hyperliquid_bot.strategy.funding]: 📊 Opportunità Top: HYPE | APY: 1777.82% (Rate: 0.2029%/h) | Prezzo: $40.61
[2026-08-25 14:52:38] [INFO] [hyperliquid_bot.strategy.funding]: 📊 Opportunità Top: HYPE | APY: 1780.09% (Rate: 0.2032%/h) | Prezzo: $40.61
[2026-08-25 14:53:08] [INFO] [hyperliquid_bot.strategy.funding]: 📊 Opportunità Top: HYPE | APY: 1782.32% (Rate: 0.2035%/h) | Prezzo: $40.61
[2026-08-25 14:53:39] [INFO] [hyperliquid_bot.strategy.funding]: 📊 Opportunità Top: HYPE | APY: 1784.52% (Rate: 0.2037%/h) | Prezzo: $40.61
[2026-08-25 14:54:08] [INFO] [hyperliquid_bot.strategy.funding]: 📊 Opportunità Top: HYPE | APY: 1787.38% (Rate: 0.2040%/h) | Prezzo: $40.61
[2026-08-25 14:54:39] [INFO] [hyperliquid_bot.strategy.funding]: 📊 Opportunità Top: HYPE | APY: 1789.48% (Rate: 0.2043%/h) | Prezzo: $40.61
[2026-08-25 14:55:09] [INFO] [hyperliquid_bot.strategy.funding]: 📊 Opportunità Top: HYPE | APY: 1791.55% (Rate: 0.2045%/h) | Prezzo: $40.61
[2026-08-25 14:55:38] [INFO] [hyperliquid_bot.strategy.funding]: 📊 Opportunità Top: HYPE | APY: 1794.97% (Rate: 0.2049%/h) | Prezzo: $40.61
[2026-08-25 14:56:08] [INFO] [hyperliquid_bot.strategy.funding]: 📊 Opportunità Top: HYPE | APY: 1796.95% (Rate: 0.2051%/h) | Prezzo: $40.61
[2026-08-25 14:56:08] [INFO] [hyperliquid_bot.engine]: 
=================================================================
📊 [RESOCONTO GUADAGNI FUNDING ARBITRAGE]
   Capitale Allocato:        $150.00 (3 posizioni attive)
   Rendita Oraria Stimata:   +$0.2533/h (+$6.08/giorno)
   Funding Maturato Attuale: +$0.4328 USD
   Totale Guadagni Incassati:+$0.8378 USD
-----------------------------------------------------------------
   • BTC   | Size: 0.0006 ($50.00) | APY: 2325.82% | Attiva da: 1.7h | Funding: +$0.2268
   • SOL   | Size: 0.4841 ($50.00) | APY: 1341.62% | Attiva da: 1.7h | Funding: +$0.1308
   • XMR   | Size: 0.1057 ($50.00) | APY:  770.27% | Attiva da: 1.7h | Funding: +$0.0751
=================================================================
[2026-08-25 14:56:38] [INFO] [hyperliquid_bot.strategy.funding]: 📊 Opportunità Top: HYPE | APY: 1793.03% (Rate: 0.2047%/h) | Prezzo: $40.61
[2026-08-25 14:57:08] [INFO] [hyperliquid_bot.strategy.funding]: 📊 Opportunità Top: HYPE | APY: 1776.87% (Rate: 0.2028%/h) | Prezzo: $40.61
[2026-08-25 14:57:39] [INFO] [hyperliquid_bot.strategy.funding]: 📊 Opportunità Top: HYPE | APY: 1760.99% (Rate: 0.2010%/h) | Prezzo: $40.61
[2026-08-25 14:58:08] [INFO] [hyperliquid_bot.strategy.funding]: 📊 Opportunità Top: HYPE | APY: 1745.38% (Rate: 0.1992%/h) | Prezzo: $40.61
[2026-08-25 14:58:38] [INFO] [hyperliquid_bot.strategy.funding]: 📊 Opportunità Top: HYPE | APY: 1730.04% (Rate: 0.1975%/h) | Prezzo: $40.61
[2026-08-25 14:59:09] [INFO] [hyperliquid_bot.strategy.funding]: 📊 Opportunità Top: HYPE | APY: 1714.95% (Rate: 0.1958%/h) | Prezzo: $40.61
[2026-08-25 14:59:39] [INFO] [hyperliquid_bot.strategy.funding]: 📊 Opportunità Top: HYPE | APY: 1700.12% (Rate: 0.1941%/h) | Prezzo: $40.61
[2026-08-25 15:00:09] [INFO] [hyperliquid_bot.strategy.funding]: 📊 Opportunità Top: BTC | APY: 1425.38% (Rate: 0.1627%/h) | Prezzo: $80,818.00
[2026-08-25 15:00:38] [INFO] [hyperliquid_bot.strategy.funding]: 📊 Opportunità Top: BTC | APY: 1396.4% (Rate: 0.1594%/h) | Prezzo: $80,923.00
[2026-08-25 15:01:08] [INFO] [hyperliquid_bot.strategy.funding]: 📊 Opportunità Top: BTC | APY: 1404.73% (Rate: 0.1604%/h) | Prezzo: $80,934.00
[2026-08-25 15:01:38] [INFO] [hyperliquid_bot.strategy.funding]: 📊 Opportunità Top: BTC | APY: 1391.36% (Rate: 0.1588%/h) | Prezzo: $80,944.00
[2026-08-25 15:01:38] [INFO] [hyperliquid_bot.engine]: 
=================================================================
📊 [RESOCONTO GUADAGNI FUNDING ARBITRAGE]
   Capitale Allocato:        $150.00 (3 posizioni attive)
   Rendita Oraria Stimata:   +$0.2533/h (+$6.08/giorno)
   Funding Maturato Attuale: +$0.4560 USD
   Totale Guadagni Incassati:+$0.8610 USD
-----------------------------------------------------------------
   • BTC   | Size: 0.0006 ($50.00) | APY: 2325.82% | Attiva da: 1.8h | Funding: +$0.2390
   • SOL   | Size: 0.4841 ($50.00) | APY: 1341.62% | Attiva da: 1.8h | Funding: +$0.1379
   • XMR   | Size: 0.1057 ($50.00) | APY:  770.27% | Attiva da: 1.8h | Funding: +$0.0792
=================================================================
[2026-08-25 15:02:08] [INFO] [hyperliquid_bot.strategy.funding]: 📊 Opportunità Top: BTC | APY: 1383.77% (Rate: 0.1580%/h) | Prezzo: $80,888.00
[2026-08-25 15:02:38] [INFO] [hyperliquid_bot.strategy.funding]: 📊 Opportunità Top: BTC | APY: 1385.59% (Rate: 0.1582%/h) | Prezzo: $80,933.00
[2026-08-25 15:03:08] [INFO] [hyperliquid_bot.strategy.funding]: 📊 Opportunità Top: BTC | APY: 1385.97% (Rate: 0.1582%/h) | Prezzo: $80,944.00
[2026-08-25 15:03:39] [INFO] [hyperliquid_bot.strategy.funding]: 📊 Opportunità Top: BTC | APY: 1380.7% (Rate: 0.1576%/h) | Prezzo: $80,929.00
[2026-08-25 15:04:08] [INFO] [hyperliquid_bot.strategy.funding]: 📊 Opportunità Top: BTC | APY: 1373.74% (Rate: 0.1568%/h) | Prezzo: $81,001.00
[2026-08-25 15:04:39] [INFO] [hyperliquid_bot.strategy.funding]: 📊 Opportunità Top: BTC | APY: 1368.87% (Rate: 0.1563%/h) | Prezzo: $80,990.00
[2026-08-25 15:05:08] [INFO] [hyperliquid_bot.strategy.funding]: 📊 Opportunità Top: BTC | APY: 1368.58% (Rate: 0.1562%/h) | Prezzo: $80,989.00
[2026-08-25 15:05:38] [INFO] [hyperliquid_bot.strategy.funding]: 📊 Opportunità Top: BTC | APY: 1365.55% (Rate: 0.1559%/h) | Prezzo: $80,970.00
[2026-08-25 15:06:08] [INFO] [hyperliquid_bot.strategy.funding]: 📊 Opportunità Top: BTC | APY: 1363.66% (Rate: 0.1557%/h) | Prezzo: $80,985.00
[2026-08-25 15:06:39] [INFO] [hyperliquid_bot.strategy.funding]: 📊 Opportunità Top: BTC | APY: 1362.56% (Rate: 0.1555%/h) | Prezzo: $80,991.00
[2026-08-25 15:06:39] [INFO] [hyperliquid_bot.engine]: 
=================================================================
📊 [RESOCONTO GUADAGNI FUNDING ARBITRAGE]
   Capitale Allocato:        $150.00 (3 posizioni attive)
   Rendita Oraria Stimata:   +$0.2533/h (+$6.08/giorno)
   Funding Maturato Attuale: +$0.4772 USD
   Totale Guadagni Incassati:+$0.8821 USD
-----------------------------------------------------------------
   • BTC   | Size: 0.0006 ($50.00) | APY: 2325.82% | Attiva da: 1.9h | Funding: +$0.2501
   • SOL   | Size: 0.4841 ($50.00) | APY: 1341.62% | Attiva da: 1.9h | Funding: +$0.1443
   • XMR   | Size: 0.1057 ($50.00) | APY:  770.27% | Attiva da: 1.9h | Funding: +$0.0828
=================================================================
[2026-08-25 15:07:08] [INFO] [hyperliquid_bot.strategy.funding]: 📊 Opportunità Top: BTC | APY: 1359.7% (Rate: 0.1552%/h) | Prezzo: $80,996.00
[2026-08-25 15:07:39] [INFO] [hyperliquid_bot.strategy.funding]: 📊 Opportunità Top: BTC | APY: 1355.77% (Rate: 0.1548%/h) | Prezzo: $81,005.40
[2026-08-25 15:08:08] [INFO] [hyperliquid_bot.strategy.funding]: 📊 Opportunità Top: BTC | APY: 1355.26% (Rate: 0.1547%/h) | Prezzo: $80,850.00
[2026-08-25 15:08:38] [INFO] [hyperliquid_bot.strategy.funding]: 📊 Opportunità Top: BTC | APY: 1365.24% (Rate: 0.1558%/h) | Prezzo: $80,814.00
[2026-08-25 15:09:09] [INFO] [hyperliquid_bot.strategy.funding]: 📊 Opportunità Top: BTC | APY: 1377.53% (Rate: 0.1573%/h) | Prezzo: $80,804.00
[2026-08-25 15:09:39] [INFO] [hyperliquid_bot.strategy.funding]: 📊 Opportunità Top: BTC | APY: 1384.55% (Rate: 0.1581%/h) | Prezzo: $80,809.00
[2026-08-25 15:10:08] [INFO] [hyperliquid_bot.strategy.funding]: 📊 Opportunità Top: BTC | APY: 1388.3% (Rate: 0.1585%/h) | Prezzo: $80,820.00
[2026-08-25 15:10:39] [INFO] [hyperliquid_bot.strategy.funding]: 📊 Opportunità Top: BTC | APY: 1391.06% (Rate: 0.1588%/h) | Prezzo: $80,809.00
[2026-08-25 15:11:08] [INFO] [hyperliquid_bot.strategy.funding]: 📊 Opportunità Top: BTC | APY: 1393.07% (Rate: 0.1590%/h) | Prezzo: $80,809.00
[2026-08-25 15:11:39] [INFO] [hyperliquid_bot.strategy.funding]: 📊 Opportunità Top: BTC | APY: 1398.46% (Rate: 0.1596%/h) | Prezzo: $80,750.00
[2026-08-25 15:12:09] [INFO] [hyperliquid_bot.strategy.funding]: 📊 Opportunità Top: BTC | APY: 1406.09% (Rate: 0.1605%/h) | Prezzo: $80,755.00
[2026-08-25 15:12:09] [INFO] [hyperliquid_bot.engine]: 
=================================================================
📊 [RESOCONTO GUADAGNI FUNDING ARBITRAGE]
   Capitale Allocato:        $150.00 (3 posizioni attive)
   Rendita Oraria Stimata:   +$0.2533/h (+$6.08/giorno)
   Funding Maturato Attuale: +$0.5004 USD
   Totale Guadagni Incassati:+$0.9053 USD
-----------------------------------------------------------------
   • BTC   | Size: 0.0006 ($50.00) | APY: 2325.82% | Attiva da: 2.0h | Funding: +$0.2622
   • SOL   | Size: 0.4841 ($50.00) | APY: 1341.62% | Attiva da: 2.0h | Funding: +$0.1513
   • XMR   | Size: 0.1057 ($50.00) | APY:  770.27% | Attiva da: 2.0h | Funding: +$0.0868
=================================================================
[2026-08-25 15:12:39] [INFO] [hyperliquid_bot.strategy.funding]: 📊 Opportunità Top: BTC | APY: 1414.19% (Rate: 0.1614%/h) | Prezzo: $80,752.00
[2026-08-25 15:13:09] [INFO] [hyperliquid_bot.strategy.funding]: 📊 Opportunità Top: BTC | APY: 1423.29% (Rate: 0.1625%/h) | Prezzo: $80,747.00
[2026-08-25 15:13:39] [INFO] [hyperliquid_bot.strategy.funding]: 📊 Opportunità Top: BTC | APY: 1428.48% (Rate: 0.1631%/h) | Prezzo: $80,809.00
[2026-08-25 15:14:09] [INFO] [hyperliquid_bot.strategy.funding]: 📊 Opportunità Top: BTC | APY: 1431.34% (Rate: 0.1634%/h) | Prezzo: $80,809.00
[2026-08-25 15:14:39] [INFO] [hyperliquid_bot.strategy.funding]: 📊 Opportunità Top: BTC | APY: 1434.68% (Rate: 0.1638%/h) | Prezzo: $80,809.00
[2026-08-25 15:15:09] [INFO] [hyperliquid_bot.strategy.funding]: 📊 Opportunità Top: BTC | APY: 1436.68% (Rate: 0.1640%/h) | Prezzo: $80,786.00
[2026-08-25 15:15:39] [INFO] [hyperliquid_bot.strategy.funding]: 📊 Opportunità Top: BTC | APY: 1439.23% (Rate: 0.1643%/h) | Prezzo: $80,773.00
[2026-08-25 15:16:09] [INFO] [hyperliquid_bot.strategy.funding]: 📊 Opportunità Top: BTC | APY: 1442.02% (Rate: 0.1646%/h) | Prezzo: $80,703.00
[2026-08-25 15:16:39] [INFO] [hyperliquid_bot.strategy.funding]: 📊 Opportunità Top: BTC | APY: 1446.08% (Rate: 0.1651%/h) | Prezzo: $80,703.00
[2026-08-25 15:17:09] [INFO] [hyperliquid_bot.strategy.funding]: 📊 Opportunità Top: BTC | APY: 1450.29% (Rate: 0.1656%/h) | Prezzo: $80,703.00
[2026-08-25 15:17:39] [INFO] [hyperliquid_bot.strategy.funding]: 📊 Opportunità Top: BTC | APY: 1453.22% (Rate: 0.1659%/h) | Prezzo: $80,703.00
[2026-08-25 15:17:39] [INFO] [hyperliquid_bot.engine]: 
=================================================================
📊 [RESOCONTO GUADAGNI FUNDING ARBITRAGE]
   Capitale Allocato:        $150.00 (3 posizioni attive)
   Rendita Oraria Stimata:   +$0.2533/h (+$6.08/giorno)
   Funding Maturato Attuale: +$0.5236 USD
   Totale Guadagni Incassati:+$0.9286 USD
-----------------------------------------------------------------
   • BTC   | Size: 0.0006 ($50.00) | APY: 2325.82% | Attiva da: 2.1h | Funding: +$0.2744
   • SOL   | Size: 0.4841 ($50.00) | APY: 1341.62% | Attiva da: 2.1h | Funding: +$0.1583
   • XMR   | Size: 0.1057 ($50.00) | APY:  770.27% | Attiva da: 2.1h | Funding: +$0.0909
=================================================================
[2026-08-25 15:18:09] [INFO] [hyperliquid_bot.strategy.funding]: 📊 Opportunità Top: BTC | APY: 1456.77% (Rate: 0.1663%/h) | Prezzo: $80,662.00
[2026-08-25 15:18:38] [INFO] [hyperliquid_bot.strategy.funding]: 📊 Opportunità Top: BTC | APY: 1462.04% (Rate: 0.1669%/h) | Prezzo: $80,661.00
[2026-08-25 15:19:09] [INFO] [hyperliquid_bot.strategy.funding]: 📊 Opportunità Top: BTC | APY: 1467.42% (Rate: 0.1675%/h) | Prezzo: $80,697.00
[2026-08-25 15:19:39] [INFO] [hyperliquid_bot.strategy.funding]: 📊 Opportunità Top: BTC | APY: 1471.05% (Rate: 0.1679%/h) | Prezzo: $80,703.00
[2026-08-25 15:20:09] [INFO] [hyperliquid_bot.strategy.funding]: 📊 Opportunità Top: BTC | APY: 1473.97% (Rate: 0.1683%/h) | Prezzo: $80,703.00
[2026-08-25 15:20:39] [INFO] [hyperliquid_bot.strategy.funding]: 📊 Opportunità Top: BTC | APY: 1474.83% (Rate: 0.1684%/h) | Prezzo: $80,722.00
[2026-08-25 15:21:09] [INFO] [hyperliquid_bot.strategy.funding]: 📊 Opportunità Top: BTC | APY: 1474.8% (Rate: 0.1684%/h) | Prezzo: $80,703.00
[2026-08-25 15:21:39] [INFO] [hyperliquid_bot.strategy.funding]: 📊 Opportunità Top: SAGA | APY: 1486.78% (Rate: 0.1697%/h) | Prezzo: $0.02
[2026-08-25 15:22:09] [INFO] [hyperliquid_bot.strategy.funding]: 📊 Opportunità Top: SAGA | APY: 1500.99% (Rate: 0.1713%/h) | Prezzo: $0.02
[2026-08-25 15:22:39] [INFO] [hyperliquid_bot.strategy.funding]: 📊 Opportunità Top: SAGA | APY: 1517.89% (Rate: 0.1733%/h) | Prezzo: $0.02
[2026-08-25 15:23:09] [INFO] [hyperliquid_bot.strategy.funding]: 📊 Opportunità Top: SAGA | APY: 1535.15% (Rate: 0.1752%/h) | Prezzo: $0.02
[2026-08-25 15:23:09] [INFO] [hyperliquid_bot.engine]: 
=================================================================
📊 [RESOCONTO GUADAGNI FUNDING ARBITRAGE]
   Capitale Allocato:        $150.00 (3 posizioni attive)
   Rendita Oraria Stimata:   +$0.2533/h (+$6.08/giorno)
   Funding Maturato Attuale: +$0.5468 USD
   Totale Guadagni Incassati:+$0.9518 USD
-----------------------------------------------------------------
   • BTC   | Size: 0.0006 ($50.00) | APY: 2325.82% | Attiva da: 2.2h | Funding: +$0.2866
   • SOL   | Size: 0.4841 ($50.00) | APY: 1341.62% | Attiva da: 2.2h | Funding: +$0.1653
   • XMR   | Size: 0.1057 ($50.00) | APY:  770.27% | Attiva da: 2.2h | Funding: +$0.0949
=================================================================
[2026-08-25 15:23:39] [INFO] [hyperliquid_bot.strategy.funding]: 📊 Opportunità Top: SAGA | APY: 1554.87% (Rate: 0.1775%/h) | Prezzo: $0.02
[2026-08-25 15:24:09] [INFO] [hyperliquid_bot.strategy.funding]: 📊 Opportunità Top: SAGA | APY: 1573.77% (Rate: 0.1797%/h) | Prezzo: $0.02
[2026-08-25 15:24:39] [INFO] [hyperliquid_bot.strategy.funding]: 📊 Opportunità Top: SAGA | APY: 1587.57% (Rate: 0.1812%/h) | Prezzo: $0.02
[2026-08-25 15:25:09] [INFO] [hyperliquid_bot.strategy.funding]: 📊 Opportunità Top: SAGA | APY: 1602.32% (Rate: 0.1829%/h) | Prezzo: $0.02
[2026-08-25 15:25:39] [INFO] [hyperliquid_bot.strategy.funding]: 📊 Opportunità Top: SAGA | APY: 1616.26% (Rate: 0.1845%/h) | Prezzo: $0.02
[2026-08-25 15:26:09] [INFO] [hyperliquid_bot.strategy.funding]: 📊 Opportunità Top: SAGA | APY: 1626.06% (Rate: 0.1856%/h) | Prezzo: $0.02
[2026-08-25 15:26:39] [INFO] [hyperliquid_bot.strategy.funding]: 📊 Opportunità Top: SAGA | APY: 1637.85% (Rate: 0.1870%/h) | Prezzo: $0.02
[2026-08-25 15:27:09] [INFO] [hyperliquid_bot.strategy.funding]: 📊 Opportunità Top: SAGA | APY: 1653.83% (Rate: 0.1888%/h) | Prezzo: $0.02
[2026-08-25 15:27:39] [INFO] [hyperliquid_bot.strategy.funding]: 📊 Opportunità Top: SAGA | APY: 1669.69% (Rate: 0.1906%/h) | Prezzo: $0.02
[2026-08-25 15:28:09] [INFO] [hyperliquid_bot.strategy.funding]: 📊 Opportunità Top: SAGA | APY: 1687.68% (Rate: 0.1927%/h) | Prezzo: $0.02
[2026-08-25 15:28:39] [INFO] [hyperliquid_bot.strategy.funding]: 📊 Opportunità Top: SAGA | APY: 1709.01% (Rate: 0.1951%/h) | Prezzo: $0.02
[2026-08-25 15:28:39] [INFO] [hyperliquid_bot.engine]: 
=================================================================
📊 [RESOCONTO GUADAGNI FUNDING ARBITRAGE]
   Capitale Allocato:        $150.00 (3 posizioni attive)
   Rendita Oraria Stimata:   +$0.2533/h (+$6.08/giorno)
   Funding Maturato Attuale: +$0.5701 USD
   Totale Guadagni Incassati:+$0.9750 USD
-----------------------------------------------------------------
   • BTC   | Size: 0.0006 ($50.00) | APY: 2325.82% | Attiva da: 2.3h | Funding: +$0.2988
   • SOL   | Size: 0.4841 ($50.00) | APY: 1341.62% | Attiva da: 2.3h | Funding: +$0.1723
   • XMR   | Size: 0.1057 ($50.00) | APY:  770.27% | Attiva da: 2.3h | Funding: +$0.0989
=================================================================
[2026-08-25 15:29:09] [INFO] [hyperliquid_bot.strategy.funding]: 📊 Opportunità Top: SAGA | APY: 1729.17% (Rate: 0.1974%/h) | Prezzo: $0.02
[2026-08-25 15:29:39] [INFO] [hyperliquid_bot.strategy.funding]: 📊 Opportunità Top: SAGA | APY: 1749.09% (Rate: 0.1997%/h) | Prezzo: $0.02
[2026-08-25 15:30:09] [INFO] [hyperliquid_bot.strategy.funding]: 📊 Opportunità Top: SAGA | APY: 1766.45% (Rate: 0.2016%/h) | Prezzo: $0.02
[2026-08-25 15:30:39] [INFO] [hyperliquid_bot.strategy.funding]: 📊 Opportunità Top: SAGA | APY: 1779.33% (Rate: 0.2031%/h) | Prezzo: $0.02
[2026-08-25 15:31:09] [INFO] [hyperliquid_bot.strategy.funding]: 📊 Opportunità Top: SAGA | APY: 1792.81% (Rate: 0.2047%/h) | Prezzo: $0.02
[2026-08-25 15:31:39] [INFO] [hyperliquid_bot.strategy.funding]: 📊 Opportunità Top: SAGA | APY: 1805.07% (Rate: 0.2061%/h) | Prezzo: $0.02
[2026-08-25 15:32:09] [INFO] [hyperliquid_bot.strategy.funding]: 📊 Opportunità Top: SAGA | APY: 1815.97% (Rate: 0.2073%/h) | Prezzo: $0.02
[2026-08-25 15:32:39] [INFO] [hyperliquid_bot.strategy.funding]: 📊 Opportunità Top: SAGA | APY: 1824.41% (Rate: 0.2083%/h) | Prezzo: $0.02
[2026-08-25 15:33:09] [INFO] [hyperliquid_bot.strategy.funding]: 📊 Opportunità Top: SAGA | APY: 1830.14% (Rate: 0.2089%/h) | Prezzo: $0.02
[2026-08-25 15:33:39] [INFO] [hyperliquid_bot.strategy.funding]: 📊 Opportunità Top: SAGA | APY: 1831.8% (Rate: 0.2091%/h) | Prezzo: $0.02
[2026-08-25 15:34:09] [INFO] [hyperliquid_bot.strategy.funding]: 📊 Opportunità Top: SAGA | APY: 1831.59% (Rate: 0.2091%/h) | Prezzo: $0.02
[2026-08-25 15:34:09] [INFO] [hyperliquid_bot.engine]: 
=================================================================
📊 [RESOCONTO GUADAGNI FUNDING ARBITRAGE]
   Capitale Allocato:        $150.00 (3 posizioni attive)
   Rendita Oraria Stimata:   +$0.2533/h (+$6.08/giorno)
   Funding Maturato Attuale: +$0.5933 USD
   Totale Guadagni Incassati:+$0.9982 USD
-----------------------------------------------------------------
   • BTC   | Size: 0.0006 ($50.00) | APY: 2325.82% | Attiva da: 2.3h | Funding: +$0.3109
   • SOL   | Size: 0.4841 ($50.00) | APY: 1341.62% | Attiva da: 2.3h | Funding: +$0.1794
   • XMR   | Size: 0.1057 ($50.00) | APY:  770.27% | Attiva da: 2.3h | Funding: +$0.1030
=================================================================
[2026-08-25 15:34:39] [INFO] [hyperliquid_bot.strategy.funding]: 📊 Opportunità Top: SAGA | APY: 1831.03% (Rate: 0.2090%/h) | Prezzo: $0.02
[2026-08-25 15:35:09] [INFO] [hyperliquid_bot.strategy.funding]: 📊 Opportunità Top: SAGA | APY: 1828.18% (Rate: 0.2087%/h) | Prezzo: $0.02
[2026-08-25 15:35:39] [INFO] [hyperliquid_bot.strategy.funding]: 📊 Opportunità Top: SAGA | APY: 1822.82% (Rate: 0.2081%/h) | Prezzo: $0.02
[2026-08-25 15:36:09] [INFO] [hyperliquid_bot.strategy.funding]: 📊 Opportunità Top: SAGA | APY: 1816.91% (Rate: 0.2074%/h) | Prezzo: $0.02
[2026-08-25 15:36:39] [INFO] [hyperliquid_bot.strategy.funding]: 📊 Opportunità Top: SAGA | APY: 1810.33% (Rate: 0.2067%/h) | Prezzo: $0.02
[2026-08-25 15:37:09] [INFO] [hyperliquid_bot.strategy.funding]: 📊 Opportunità Top: SAGA | APY: 1805.42% (Rate: 0.2061%/h) | Prezzo: $0.02
[2026-08-25 15:37:39] [INFO] [hyperliquid_bot.strategy.funding]: 📊 Opportunità Top: SAGA | APY: 1801.62% (Rate: 0.2057%/h) | Prezzo: $0.02
[2026-08-25 15:38:09] [INFO] [hyperliquid_bot.strategy.funding]: 📊 Opportunità Top: SAGA | APY: 1797.6% (Rate: 0.2052%/h) | Prezzo: $0.02
[2026-08-25 15:38:39] [INFO] [hyperliquid_bot.strategy.funding]: 📊 Opportunità Top: SAGA | APY: 1792.57% (Rate: 0.2046%/h) | Prezzo: $0.02
[2026-08-25 15:39:09] [INFO] [hyperliquid_bot.strategy.funding]: 📊 Opportunità Top: SAGA | APY: 1788.61% (Rate: 0.2042%/h) | Prezzo: $0.02
[2026-08-25 15:39:39] [INFO] [hyperliquid_bot.strategy.funding]: 📊 Opportunità Top: SAGA | APY: 1785.68% (Rate: 0.2038%/h) | Prezzo: $0.02
[2026-08-25 15:39:39] [INFO] [hyperliquid_bot.engine]: 
=================================================================
📊 [RESOCONTO GUADAGNI FUNDING ARBITRAGE]
   Capitale Allocato:        $150.00 (3 posizioni attive)
   Rendita Oraria Stimata:   +$0.2533/h (+$6.08/giorno)
   Funding Maturato Attuale: +$0.6165 USD
   Totale Guadagni Incassati:+$1.0215 USD
-----------------------------------------------------------------
   • BTC   | Size: 0.0006 ($50.00) | APY: 2325.82% | Attiva da: 2.4h | Funding: +$0.3231
   • SOL   | Size: 0.4841 ($50.00) | APY: 1341.62% | Attiva da: 2.4h | Funding: +$0.1864
   • XMR   | Size: 0.1057 ($50.00) | APY:  770.27% | Attiva da: 2.4h | Funding: +$0.1070
=================================================================
[2026-08-25 15:40:09] [INFO] [hyperliquid_bot.strategy.funding]: 📊 Opportunità Top: SAGA | APY: 1784.22% (Rate: 0.2037%/h) | Prezzo: $0.02
[2026-08-25 15:40:39] [INFO] [hyperliquid_bot.strategy.funding]: 📊 Opportunità Top: SAGA | APY: 1782.8% (Rate: 0.2035%/h) | Prezzo: $0.02
[2026-08-25 15:41:09] [INFO] [hyperliquid_bot.strategy.funding]: 📊 Opportunità Top: SAGA | APY: 1781.56% (Rate: 0.2034%/h) | Prezzo: $0.02
[2026-08-25 15:41:39] [INFO] [hyperliquid_bot.strategy.funding]: 📊 Opportunità Top: SAGA | APY: 1781.39% (Rate: 0.2034%/h) | Prezzo: $0.02
[2026-08-25 15:42:09] [INFO] [hyperliquid_bot.strategy.funding]: 📊 Opportunità Top: SAGA | APY: 1780.78% (Rate: 0.2033%/h) | Prezzo: $0.02
[2026-08-25 15:42:39] [INFO] [hyperliquid_bot.strategy.funding]: 📊 Opportunità Top: SAGA | APY: 1777.72% (Rate: 0.2029%/h) | Prezzo: $0.02
[2026-08-25 15:43:09] [INFO] [hyperliquid_bot.strategy.funding]: 📊 Opportunità Top: SAGA | APY: 1774.87% (Rate: 0.2026%/h) | Prezzo: $0.02
[2026-08-25 15:43:39] [INFO] [hyperliquid_bot.strategy.funding]: 📊 Opportunità Top: SAGA | APY: 1772.8% (Rate: 0.2024%/h) | Prezzo: $0.02
[2026-08-25 15:44:09] [INFO] [hyperliquid_bot.strategy.funding]: 📊 Opportunità Top: SAGA | APY: 1771.9% (Rate: 0.2023%/h) | Prezzo: $0.02
[2026-08-25 15:44:39] [INFO] [hyperliquid_bot.strategy.funding]: 📊 Opportunità Top: SAGA | APY: 1771.99% (Rate: 0.2023%/h) | Prezzo: $0.02
[2026-08-25 15:45:09] [INFO] [hyperliquid_bot.strategy.funding]: 📊 Opportunità Top: SAGA | APY: 1773.59% (Rate: 0.2025%/h) | Prezzo: $0.02
[2026-08-25 15:45:09] [INFO] [hyperliquid_bot.engine]: 
=================================================================
📊 [RESOCONTO GUADAGNI FUNDING ARBITRAGE]
   Capitale Allocato:        $150.00 (3 posizioni attive)
   Rendita Oraria Stimata:   +$0.2533/h (+$6.08/giorno)
   Funding Maturato Attuale: +$0.6397 USD
   Totale Guadagni Incassati:+$1.0447 USD
-----------------------------------------------------------------
   • BTC   | Size: 0.0006 ($50.00) | APY: 2325.82% | Attiva da: 2.5h | Funding: +$0.3353
   • SOL   | Size: 0.4841 ($50.00) | APY: 1341.62% | Attiva da: 2.5h | Funding: +$0.1934
   • XMR   | Size: 0.1057 ($50.00) | APY:  770.27% | Attiva da: 2.5h | Funding: +$0.1110
=================================================================
[2026-08-25 15:45:39] [INFO] [hyperliquid_bot.strategy.funding]: 📊 Opportunità Top: SAGA | APY: 1777.49% (Rate: 0.2029%/h) | Prezzo: $0.02
[2026-08-25 15:46:09] [INFO] [hyperliquid_bot.strategy.funding]: 📊 Opportunità Top: SAGA | APY: 1784.84% (Rate: 0.2037%/h) | Prezzo: $0.02
[2026-08-25 15:46:39] [INFO] [hyperliquid_bot.strategy.funding]: 📊 Opportunità Top: SAGA | APY: 1793.38% (Rate: 0.2047%/h) | Prezzo: $0.02
[2026-08-25 15:47:09] [INFO] [hyperliquid_bot.strategy.funding]: 📊 Opportunità Top: SAGA | APY: 1799.2% (Rate: 0.2054%/h) | Prezzo: $0.02
[2026-08-25 15:47:39] [INFO] [hyperliquid_bot.strategy.funding]: 📊 Opportunità Top: SAGA | APY: 1805.16% (Rate: 0.2061%/h) | Prezzo: $0.02
[2026-08-25 15:48:09] [INFO] [hyperliquid_bot.strategy.funding]: 📊 Opportunità Top: SAGA | APY: 1813.62% (Rate: 0.2070%/h) | Prezzo: $0.02
[2026-08-25 15:48:39] [INFO] [hyperliquid_bot.strategy.funding]: 📊 Opportunità Top: SAGA | APY: 1818.41% (Rate: 0.2076%/h) | Prezzo: $0.02
[2026-08-25 15:49:09] [INFO] [hyperliquid_bot.strategy.funding]: 📊 Opportunità Top: SAGA | APY: 1824.12% (Rate: 0.2082%/h) | Prezzo: $0.02
[2026-08-25 15:49:39] [INFO] [hyperliquid_bot.strategy.funding]: 📊 Opportunità Top: SAGA | APY: 1829.34% (Rate: 0.2088%/h) | Prezzo: $0.02
[2026-08-25 15:50:09] [INFO] [hyperliquid_bot.strategy.funding]: 📊 Opportunità Top: SAGA | APY: 1835.83% (Rate: 0.2096%/h) | Prezzo: $0.02
[2026-08-25 15:50:09] [INFO] [hyperliquid_bot.engine]: 
=================================================================
📊 [RESOCONTO GUADAGNI FUNDING ARBITRAGE]
   Capitale Allocato:        $150.00 (3 posizioni attive)
   Rendita Oraria Stimata:   +$0.2533/h (+$6.08/giorno)
   Funding Maturato Attuale: +$0.6608 USD
   Totale Guadagni Incassati:+$1.0658 USD
-----------------------------------------------------------------
   • BTC   | Size: 0.0006 ($50.00) | APY: 2325.82% | Attiva da: 2.6h | Funding: +$0.3463
   • SOL   | Size: 0.4841 ($50.00) | APY: 1341.62% | Attiva da: 2.6h | Funding: +$0.1998
   • XMR   | Size: 0.1057 ($50.00) | APY:  770.27% | Attiva da: 2.6h | Funding: +$0.1147
=================================================================
[2026-08-25 15:50:39] [INFO] [hyperliquid_bot.strategy.funding]: 📊 Opportunità Top: SAGA | APY: 1842.08% (Rate: 0.2103%/h) | Prezzo: $0.02
[2026-08-25 15:51:09] [INFO] [hyperliquid_bot.strategy.funding]: 📊 Opportunità Top: SAGA | APY: 1849.18% (Rate: 0.2111%/h) | Prezzo: $0.02
[2026-08-25 15:51:39] [INFO] [hyperliquid_bot.strategy.funding]: 📊 Opportunità Top: SAGA | APY: 1863.4% (Rate: 0.2127%/h) | Prezzo: $0.02
[2026-08-25 15:52:09] [INFO] [hyperliquid_bot.strategy.funding]: 📊 Opportunità Top: SAGA | APY: 1877.23% (Rate: 0.2143%/h) | Prezzo: $0.02
[2026-08-25 15:52:39] [INFO] [hyperliquid_bot.strategy.funding]: 📊 Opportunità Top: SAGA | APY: 1889.45% (Rate: 0.2157%/h) | Prezzo: $0.02
[2026-08-25 15:53:09] [INFO] [hyperliquid_bot.strategy.funding]: 📊 Opportunità Top: SAGA | APY: 1902.53% (Rate: 0.2172%/h) | Prezzo: $0.02
[2026-08-25 15:53:39] [INFO] [hyperliquid_bot.strategy.funding]: 📊 Opportunità Top: SAGA | APY: 1919.44% (Rate: 0.2191%/h) | Prezzo: $0.02
[2026-08-25 15:54:09] [INFO] [hyperliquid_bot.strategy.funding]: 📊 Opportunità Top: SAGA | APY: 1936.97% (Rate: 0.2211%/h) | Prezzo: $0.02
[2026-08-25 15:54:39] [INFO] [hyperliquid_bot.strategy.funding]: 📊 Opportunità Top: SAGA | APY: 1952.54% (Rate: 0.2229%/h) | Prezzo: $0.02
[2026-08-25 15:55:09] [INFO] [hyperliquid_bot.strategy.funding]: 📊 Opportunità Top: SAGA | APY: 1968.52% (Rate: 0.2247%/h) | Prezzo: $0.02
[2026-08-25 15:55:39] [INFO] [hyperliquid_bot.strategy.funding]: 📊 Opportunità Top: SAGA | APY: 1983.52% (Rate: 0.2264%/h) | Prezzo: $0.02
[2026-08-25 15:55:39] [INFO] [hyperliquid_bot.engine]: 
=================================================================
📊 [RESOCONTO GUADAGNI FUNDING ARBITRAGE]
   Capitale Allocato:        $150.00 (3 posizioni attive)
   Rendita Oraria Stimata:   +$0.2533/h (+$6.08/giorno)
   Funding Maturato Attuale: +$0.6841 USD
   Totale Guadagni Incassati:+$1.0890 USD
-----------------------------------------------------------------
   • BTC   | Size: 0.0006 ($50.00) | APY: 2325.82% | Attiva da: 2.7h | Funding: +$0.3585
   • SOL   | Size: 0.4841 ($50.00) | APY: 1341.62% | Attiva da: 2.7h | Funding: +$0.2068
   • XMR   | Size: 0.1057 ($50.00) | APY:  770.27% | Attiva da: 2.7h | Funding: +$0.1187
=================================================================
[2026-08-25 15:56:09] [INFO] [hyperliquid_bot.strategy.funding]: 📊 Opportunità Top: SAGA | APY: 1997.8% (Rate: 0.2281%/h) | Prezzo: $0.02
[2026-08-25 15:56:39] [INFO] [hyperliquid_bot.strategy.funding]: 📊 Opportunità Top: SAGA | APY: 2008.55% (Rate: 0.2293%/h) | Prezzo: $0.02
[2026-08-25 15:57:09] [INFO] [hyperliquid_bot.strategy.funding]: 📊 Opportunità Top: SAGA | APY: 2020.23% (Rate: 0.2306%/h) | Prezzo: $0.02
[2026-08-25 15:57:39] [INFO] [hyperliquid_bot.strategy.funding]: 📊 Opportunità Top: SAGA | APY: 2031.49% (Rate: 0.2319%/h) | Prezzo: $0.02
[2026-08-25 15:58:09] [INFO] [hyperliquid_bot.strategy.funding]: 📊 Opportunità Top: SAGA | APY: 2042.0% (Rate: 0.2331%/h) | Prezzo: $0.02
[2026-08-25 15:58:40] [INFO] [hyperliquid_bot.strategy.funding]: 📊 Opportunità Top: SAGA | APY: 2052.44% (Rate: 0.2343%/h) | Prezzo: $0.02
[2026-08-25 15:59:09] [INFO] [hyperliquid_bot.strategy.funding]: 📊 Opportunità Top: SAGA | APY: 2061.2% (Rate: 0.2353%/h) | Prezzo: $0.02
[2026-08-25 15:59:39] [INFO] [hyperliquid_bot.strategy.funding]: 📊 Opportunità Top: SAGA | APY: 2068.96% (Rate: 0.2362%/h) | Prezzo: $0.02
[2026-08-25 16:00:09] [INFO] [hyperliquid_bot.strategy.funding]: 📊 Opportunità Top: SAGA | APY: 2834.63% (Rate: 0.3236%/h) | Prezzo: $0.02
[2026-08-25 16:00:09] [INFO] [hyperliquid_bot.strategy.funding]: 🔻 Chiusura posizione su XMR: APY (0.00%) sotto la soglia di uscita (3.0%). Funding incassato: $0.1220
[2026-08-25 16:00:10] [INFO] [hyperliquid_bot.strategy.funding]: ✅ [DRY-RUN] Entrata Delta-Neutral simulata su SAGA: Size: 3291.6392 ($50.00) @ APY 2834.63%
[2026-08-25 16:00:39] [INFO] [hyperliquid_bot.strategy.funding]: 📊 Opportunità Top: SAGA | APY: 2891.74% (Rate: 0.3301%/h) | Prezzo: $0.02
[2026-08-25 16:01:09] [INFO] [hyperliquid_bot.strategy.funding]: 📊 Opportunità Top: SAGA | APY: 2970.68% (Rate: 0.3391%/h) | Prezzo: $0.02
[2026-08-25 16:01:09] [INFO] [hyperliquid_bot.engine]: 
=================================================================
📊 [RESOCONTO GUADAGNI FUNDING ARBITRAGE]
   Capitale Allocato:        $150.00 (3 posizioni attive)
   Rendita Oraria Stimata:   +$0.3711/h (+$8.91/giorno)
   Funding Maturato Attuale: +$0.5872 USD
   Totale Guadagni Incassati:+$1.1142 USD
-----------------------------------------------------------------
   • BTC   | Size: 0.0006 ($50.00) | APY: 2325.82% | Attiva da: 2.8h | Funding: +$0.3707
   • SOL   | Size: 0.4841 ($50.00) | APY: 1341.62% | Attiva da: 2.8h | Funding: +$0.2138
   • SAGA  | Size: 3291.6392 ($50.00) | APY: 2834.63% | Attiva da: 0.0h | Funding: +$0.0027
=================================================================
[2026-08-25 16:01:39] [INFO] [hyperliquid_bot.strategy.funding]: 📊 Opportunità Top: SAGA | APY: 3006.09% (Rate: 0.3432%/h) | Prezzo: $0.02
[2026-08-25 16:02:09] [INFO] [hyperliquid_bot.strategy.funding]: 📊 Opportunità Top: SAGA | APY: 2981.16% (Rate: 0.3403%/h) | Prezzo: $0.02
[2026-08-25 16:02:40] [INFO] [hyperliquid_bot.strategy.funding]: 📊 Opportunità Top: SAGA | APY: 2920.48% (Rate: 0.3334%/h) | Prezzo: $0.02
[2026-08-25 16:03:09] [INFO] [hyperliquid_bot.strategy.funding]: 📊 Opportunità Top: SAGA | APY: 2900.96% (Rate: 0.3312%/h) | Prezzo: $0.02
[2026-08-25 16:03:40] [INFO] [hyperliquid_bot.strategy.funding]: 📊 Opportunità Top: SAGA | APY: 2890.2% (Rate: 0.3299%/h) | Prezzo: $0.02
[2026-08-25 16:04:09] [INFO] [hyperliquid_bot.strategy.funding]: 📊 Opportunità Top: SAGA | APY: 2857.73% (Rate: 0.3262%/h) | Prezzo: $0.02
[2026-08-25 16:04:40] [INFO] [hyperliquid_bot.strategy.funding]: 📊 Opportunità Top: SAGA | APY: 2843.05% (Rate: 0.3245%/h) | Prezzo: $0.02
[2026-08-25 16:05:09] [INFO] [hyperliquid_bot.strategy.funding]: 📊 Opportunità Top: SAGA | APY: 2808.0% (Rate: 0.3205%/h) | Prezzo: $0.02
[2026-08-25 16:05:40] [INFO] [hyperliquid_bot.strategy.funding]: 📊 Opportunità Top: SAGA | APY: 2776.92% (Rate: 0.3170%/h) | Prezzo: $0.02
[2026-08-25 16:06:09] [INFO] [hyperliquid_bot.strategy.funding]: 📊 Opportunità Top: SAGA | APY: 2744.75% (Rate: 0.3133%/h) | Prezzo: $0.02
[2026-08-25 16:06:40] [INFO] [hyperliquid_bot.strategy.funding]: 📊 Opportunità Top: SAGA | APY: 2718.36% (Rate: 0.3103%/h) | Prezzo: $0.02
[2026-08-25 16:06:40] [INFO] [hyperliquid_bot.engine]: 
=================================================================
📊 [RESOCONTO GUADAGNI FUNDING ARBITRAGE]
   Capitale Allocato:        $150.00 (3 posizioni attive)
   Rendita Oraria Stimata:   +$0.3711/h (+$8.91/giorno)
   Funding Maturato Attuale: +$0.6212 USD
   Totale Guadagni Incassati:+$1.1483 USD
-----------------------------------------------------------------
   • BTC   | Size: 0.0006 ($50.00) | APY: 2325.82% | Attiva da: 2.9h | Funding: +$0.3829
   • SOL   | Size: 0.4841 ($50.00) | APY: 1341.62% | Attiva da: 2.9h | Funding: +$0.2208
   • SAGA  | Size: 3291.6392 ($50.00) | APY: 2834.63% | Attiva da: 0.1h | Funding: +$0.0175
=================================================================
[2026-08-25 16:07:09] [INFO] [hyperliquid_bot.strategy.funding]: 📊 Opportunità Top: SAGA | APY: 2706.19% (Rate: 0.3089%/h) | Prezzo: $0.02
[2026-08-25 16:07:40] [INFO] [hyperliquid_bot.strategy.funding]: 📊 Opportunità Top: SAGA | APY: 2696.43% (Rate: 0.3078%/h) | Prezzo: $0.02
[2026-08-25 16:08:10] [INFO] [hyperliquid_bot.strategy.funding]: 📊 Opportunità Top: SAGA | APY: 2683.23% (Rate: 0.3063%/h) | Prezzo: $0.02
[2026-08-25 16:08:40] [INFO] [hyperliquid_bot.strategy.funding]: 📊 Opportunità Top: SAGA | APY: 2665.75% (Rate: 0.3043%/h) | Prezzo: $0.02
[2026-08-25 16:09:10] [INFO] [hyperliquid_bot.strategy.funding]: 📊 Opportunità Top: SAGA | APY: 2650.18% (Rate: 0.3025%/h) | Prezzo: $0.02
[2026-08-25 16:09:40] [INFO] [hyperliquid_bot.strategy.funding]: 📊 Opportunità Top: SAGA | APY: 2635.56% (Rate: 0.3009%/h) | Prezzo: $0.02
[2026-08-25 16:10:10] [INFO] [hyperliquid_bot.strategy.funding]: 📊 Opportunità Top: SAGA | APY: 2620.53% (Rate: 0.2991%/h) | Prezzo: $0.02
[2026-08-25 16:10:40] [INFO] [hyperliquid_bot.strategy.funding]: 📊 Opportunità Top: SAGA | APY: 2602.79% (Rate: 0.2971%/h) | Prezzo: $0.02
[2026-08-25 16:11:09] [INFO] [hyperliquid_bot.strategy.funding]: 📊 Opportunità Top: SAGA | APY: 2587.21% (Rate: 0.2953%/h) | Prezzo: $0.02
[2026-08-25 16:11:40] [INFO] [hyperliquid_bot.strategy.funding]: 📊 Opportunità Top: SAGA | APY: 2571.88% (Rate: 0.2936%/h) | Prezzo: $0.02
[2026-08-25 16:12:09] [INFO] [hyperliquid_bot.strategy.funding]: 📊 Opportunità Top: SAGA | APY: 2557.81% (Rate: 0.2920%/h) | Prezzo: $0.02
[2026-08-25 16:12:09] [INFO] [hyperliquid_bot.engine]: 
=================================================================
📊 [RESOCONTO GUADAGNI FUNDING ARBITRAGE]
   Capitale Allocato:        $150.00 (3 posizioni attive)
   Rendita Oraria Stimata:   +$0.3711/h (+$8.91/giorno)
   Funding Maturato Attuale: +$0.6552 USD
   Totale Guadagni Incassati:+$1.1822 USD
-----------------------------------------------------------------
   • BTC   | Size: 0.0006 ($50.00) | APY: 2325.82% | Attiva da: 3.0h | Funding: +$0.3950
   • SOL   | Size: 0.4841 ($50.00) | APY: 1341.62% | Attiva da: 3.0h | Funding: +$0.2279
   • SAGA  | Size: 3291.6392 ($50.00) | APY: 2834.63% | Attiva da: 0.2h | Funding: +$0.0323
=================================================================
[2026-08-25 16:12:40] [INFO] [hyperliquid_bot.strategy.funding]: 📊 Opportunità Top: SAGA | APY: 2544.36% (Rate: 0.2905%/h) | Prezzo: $0.02
[2026-08-25 16:13:09] [INFO] [hyperliquid_bot.strategy.funding]: 📊 Opportunità Top: SAGA | APY: 2531.93% (Rate: 0.2890%/h) | Prezzo: $0.02
[2026-08-25 16:13:39] [INFO] [hyperliquid_bot.strategy.funding]: 📊 Opportunità Top: SAGA | APY: 2520.87% (Rate: 0.2878%/h) | Prezzo: $0.02
[2026-08-25 16:14:10] [INFO] [hyperliquid_bot.strategy.funding]: 📊 Opportunità Top: SAGA | APY: 2510.59% (Rate: 0.2866%/h) | Prezzo: $0.02
[2026-08-25 16:14:39] [INFO] [hyperliquid_bot.strategy.funding]: 📊 Opportunità Top: SAGA | APY: 2501.86% (Rate: 0.2856%/h) | Prezzo: $0.02
[2026-08-25 16:15:10] [INFO] [hyperliquid_bot.strategy.funding]: 📊 Opportunità Top: SAGA | APY: 2495.37% (Rate: 0.2849%/h) | Prezzo: $0.02
[2026-08-25 16:15:40] [INFO] [hyperliquid_bot.strategy.funding]: 📊 Opportunità Top: SAGA | APY: 2494.1% (Rate: 0.2847%/h) | Prezzo: $0.02
[2026-08-25 16:16:09] [INFO] [hyperliquid_bot.strategy.funding]: 📊 Opportunità Top: SAGA | APY: 2492.53% (Rate: 0.2845%/h) | Prezzo: $0.02
[2026-08-25 16:16:39] [INFO] [hyperliquid_bot.strategy.funding]: 📊 Opportunità Top: SAGA | APY: 2487.28% (Rate: 0.2839%/h) | Prezzo: $0.02
[2026-08-25 16:17:10] [INFO] [hyperliquid_bot.strategy.funding]: 📊 Opportunità Top: SAGA | APY: 2482.33% (Rate: 0.2834%/h) | Prezzo: $0.02
[2026-08-25 16:17:10] [INFO] [hyperliquid_bot.engine]: 
=================================================================
📊 [RESOCONTO GUADAGNI FUNDING ARBITRAGE]
   Capitale Allocato:        $150.00 (3 posizioni attive)
   Rendita Oraria Stimata:   +$0.3711/h (+$8.91/giorno)
   Funding Maturato Attuale: +$0.6862 USD
   Totale Guadagni Incassati:+$1.2132 USD
-----------------------------------------------------------------
   • BTC   | Size: 0.0006 ($50.00) | APY: 2325.82% | Attiva da: 3.1h | Funding: +$0.4061
   • SOL   | Size: 0.4841 ($50.00) | APY: 1341.62% | Attiva da: 3.1h | Funding: +$0.2343
   • SAGA  | Size: 3291.6392 ($50.00) | APY: 2834.63% | Attiva da: 0.3h | Funding: +$0.0458
=================================================================
[2026-08-25 16:17:40] [INFO] [hyperliquid_bot.strategy.funding]: 📊 Opportunità Top: SAGA | APY: 2477.31% (Rate: 0.2828%/h) | Prezzo: $0.02
[2026-08-25 16:18:10] [INFO] [hyperliquid_bot.strategy.funding]: 📊 Opportunità Top: SAGA | APY: 2473.25% (Rate: 0.2823%/h) | Prezzo: $0.02
[2026-08-25 16:18:39] [INFO] [hyperliquid_bot.strategy.funding]: 📊 Opportunità Top: SAGA | APY: 2470.76% (Rate: 0.2821%/h) | Prezzo: $0.02
[2026-08-25 16:19:10] [INFO] [hyperliquid_bot.strategy.funding]: 📊 Opportunità Top: SAGA | APY: 2469.38% (Rate: 0.2819%/h) | Prezzo: $0.02
[2026-08-25 16:19:40] [INFO] [hyperliquid_bot.strategy.funding]: 📊 Opportunità Top: SAGA | APY: 2463.6% (Rate: 0.2812%/h) | Prezzo: $0.02
[2026-08-25 16:20:10] [INFO] [hyperliquid_bot.strategy.funding]: 📊 Opportunità Top: SAGA | APY: 2460.92% (Rate: 0.2809%/h) | Prezzo: $0.02
[2026-08-25 16:20:40] [INFO] [hyperliquid_bot.strategy.funding]: 📊 Opportunità Top: SAGA | APY: 2462.62% (Rate: 0.2811%/h) | Prezzo: $0.02
[2026-08-25 16:21:09] [INFO] [hyperliquid_bot.strategy.funding]: 📊 Opportunità Top: SAGA | APY: 2464.24% (Rate: 0.2813%/h) | Prezzo: $0.02
[2026-08-25 16:21:40] [INFO] [hyperliquid_bot.strategy.funding]: 📊 Opportunità Top: SAGA | APY: 2462.88% (Rate: 0.2812%/h) | Prezzo: $0.02
[2026-08-25 16:22:10] [INFO] [hyperliquid_bot.strategy.funding]: 📊 Opportunità Top: SAGA | APY: 2461.58% (Rate: 0.2810%/h) | Prezzo: $0.02
[2026-08-25 16:22:40] [INFO] [hyperliquid_bot.strategy.funding]: 📊 Opportunità Top: SAGA | APY: 2460.35% (Rate: 0.2809%/h) | Prezzo: $0.02
[2026-08-25 16:22:40] [INFO] [hyperliquid_bot.engine]: 
=================================================================
📊 [RESOCONTO GUADAGNI FUNDING ARBITRAGE]
   Capitale Allocato:        $150.00 (3 posizioni attive)
   Rendita Oraria Stimata:   +$0.3711/h (+$8.91/giorno)
   Funding Maturato Attuale: +$0.7202 USD
   Totale Guadagni Incassati:+$1.2472 USD
-----------------------------------------------------------------
   • BTC   | Size: 0.0006 ($50.00) | APY: 2325.82% | Attiva da: 3.2h | Funding: +$0.4183
   • SOL   | Size: 0.4841 ($50.00) | APY: 1341.62% | Attiva da: 3.2h | Funding: +$0.2413
   • SAGA  | Size: 3291.6392 ($50.00) | APY: 2834.63% | Attiva da: 0.4h | Funding: +$0.0607
=================================================================
[2026-08-25 16:23:10] [INFO] [hyperliquid_bot.strategy.funding]: 📊 Opportunità Top: SAGA | APY: 2457.8% (Rate: 0.2806%/h) | Prezzo: $0.02
[2026-08-25 16:23:40] [INFO] [hyperliquid_bot.strategy.funding]: 📊 Opportunità Top: SAGA | APY: 2455.9% (Rate: 0.2804%/h) | Prezzo: $0.02
[2026-08-25 16:24:10] [INFO] [hyperliquid_bot.strategy.funding]: 📊 Opportunità Top: SAGA | APY: 2454.33% (Rate: 0.2802%/h) | Prezzo: $0.02
[2026-08-25 16:24:39] [INFO] [hyperliquid_bot.strategy.funding]: 📊 Opportunità Top: SAGA | APY: 2452.83% (Rate: 0.2800%/h) | Prezzo: $0.02
[2026-08-25 16:25:10] [INFO] [hyperliquid_bot.strategy.funding]: 📊 Opportunità Top: SAGA | APY: 2450.14% (Rate: 0.2797%/h) | Prezzo: $0.02
[2026-08-25 16:25:40] [INFO] [hyperliquid_bot.strategy.funding]: 📊 Opportunità Top: SAGA | APY: 2444.62% (Rate: 0.2791%/h) | Prezzo: $0.02
[2026-08-25 16:26:09] [INFO] [hyperliquid_bot.strategy.funding]: 📊 Opportunità Top: SAGA | APY: 2439.56% (Rate: 0.2785%/h) | Prezzo: $0.02
[2026-08-25 16:26:40] [INFO] [hyperliquid_bot.strategy.funding]: 📊 Opportunità Top: SAGA | APY: 2434.91% (Rate: 0.2780%/h) | Prezzo: $0.02
[2026-08-25 16:27:10] [INFO] [hyperliquid_bot.strategy.funding]: 📊 Opportunità Top: SAGA | APY: 2429.52% (Rate: 0.2773%/h) | Prezzo: $0.02
[2026-08-25 16:27:40] [INFO] [hyperliquid_bot.strategy.funding]: 📊 Opportunità Top: SAGA | APY: 2421.39% (Rate: 0.2764%/h) | Prezzo: $0.02
[2026-08-25 16:28:10] [INFO] [hyperliquid_bot.strategy.funding]: 📊 Opportunità Top: SAGA | APY: 2413.32% (Rate: 0.2755%/h) | Prezzo: $0.02
[2026-08-25 16:28:10] [INFO] [hyperliquid_bot.engine]: 
=================================================================
📊 [RESOCONTO GUADAGNI FUNDING ARBITRAGE]
   Capitale Allocato:        $150.00 (3 posizioni attive)
   Rendita Oraria Stimata:   +$0.3711/h (+$8.91/giorno)
   Funding Maturato Attuale: +$0.7542 USD
   Totale Guadagni Incassati:+$1.2813 USD
-----------------------------------------------------------------
   • BTC   | Size: 0.0006 ($50.00) | APY: 2325.82% | Attiva da: 3.2h | Funding: +$0.4304
   • SOL   | Size: 0.4841 ($50.00) | APY: 1341.62% | Attiva da: 3.2h | Funding: +$0.2483
   • SAGA  | Size: 3291.6392 ($50.00) | APY: 2834.63% | Attiva da: 0.5h | Funding: +$0.0755
=================================================================
[2026-08-25 16:28:40] [INFO] [hyperliquid_bot.strategy.funding]: 📊 Opportunità Top: SAGA | APY: 2405.97% (Rate: 0.2747%/h) | Prezzo: $0.02
[2026-08-25 16:29:10] [INFO] [hyperliquid_bot.strategy.funding]: 📊 Opportunità Top: SAGA | APY: 2401.23% (Rate: 0.2741%/h) | Prezzo: $0.02
[2026-08-25 16:29:39] [INFO] [hyperliquid_bot.strategy.funding]: 📊 Opportunità Top: SAGA | APY: 2395.38% (Rate: 0.2734%/h) | Prezzo: $0.02
[2026-08-25 16:30:10] [INFO] [hyperliquid_bot.strategy.funding]: 📊 Opportunità Top: SAGA | APY: 2389.94% (Rate: 0.2728%/h) | Prezzo: $0.02
[2026-08-25 16:30:40] [INFO] [hyperliquid_bot.strategy.funding]: 📊 Opportunità Top: SAGA | APY: 2386.91% (Rate: 0.2725%/h) | Prezzo: $0.02
[2026-08-25 16:31:10] [INFO] [hyperliquid_bot.strategy.funding]: 📊 Opportunità Top: SAGA | APY: 2384.59% (Rate: 0.2722%/h) | Prezzo: $0.02
[2026-08-25 16:31:40] [INFO] [hyperliquid_bot.strategy.funding]: 📊 Opportunità Top: SAGA | APY: 2380.36% (Rate: 0.2717%/h) | Prezzo: $0.02
[2026-08-25 16:32:10] [INFO] [hyperliquid_bot.strategy.funding]: 📊 Opportunità Top: SAGA | APY: 2374.13% (Rate: 0.2710%/h) | Prezzo: $0.02
[2026-08-25 16:32:40] [INFO] [hyperliquid_bot.strategy.funding]: 📊 Opportunità Top: SAGA | APY: 2365.04% (Rate: 0.2700%/h) | Prezzo: $0.02
[2026-08-25 16:33:10] [INFO] [hyperliquid_bot.strategy.funding]: 📊 Opportunità Top: SAGA | APY: 2355.09% (Rate: 0.2688%/h) | Prezzo: $0.02
[2026-08-25 16:33:40] [INFO] [hyperliquid_bot.strategy.funding]: 📊 Opportunità Top: SAGA | APY: 2344.89% (Rate: 0.2677%/h) | Prezzo: $0.02
[2026-08-25 16:33:40] [INFO] [hyperliquid_bot.engine]: 
=================================================================
📊 [RESOCONTO GUADAGNI FUNDING ARBITRAGE]
   Capitale Allocato:        $150.00 (3 posizioni attive)
   Rendita Oraria Stimata:   +$0.3711/h (+$8.91/giorno)
   Funding Maturato Attuale: +$0.7883 USD
   Totale Guadagni Incassati:+$1.3153 USD
-----------------------------------------------------------------
   • BTC   | Size: 0.0006 ($50.00) | APY: 2325.82% | Attiva da: 3.3h | Funding: +$0.4426
   • SOL   | Size: 0.4841 ($50.00) | APY: 1341.62% | Attiva da: 3.3h | Funding: +$0.2553
   • SAGA  | Size: 3291.6392 ($50.00) | APY: 2834.63% | Attiva da: 0.6h | Funding: +$0.0903
=================================================================
[2026-08-25 16:34:10] [INFO] [hyperliquid_bot.strategy.funding]: 📊 Opportunità Top: SAGA | APY: 2334.45% (Rate: 0.2665%/h) | Prezzo: $0.02
[2026-08-25 16:34:40] [INFO] [hyperliquid_bot.strategy.funding]: 📊 Opportunità Top: SAGA | APY: 2326.27% (Rate: 0.2656%/h) | Prezzo: $0.02
[2026-08-25 16:35:10] [INFO] [hyperliquid_bot.strategy.funding]: 📊 Opportunità Top: SAGA | APY: 2319.57% (Rate: 0.2648%/h) | Prezzo: $0.02
[2026-08-25 16:35:40] [INFO] [hyperliquid_bot.strategy.funding]: 📊 Opportunità Top: SAGA | APY: 2310.96% (Rate: 0.2638%/h) | Prezzo: $0.02
[2026-08-25 16:36:10] [INFO] [hyperliquid_bot.strategy.funding]: 📊 Opportunità Top: SAGA | APY: 2300.87% (Rate: 0.2627%/h) | Prezzo: $0.02
[2026-08-25 16:36:40] [INFO] [hyperliquid_bot.strategy.funding]: 📊 Opportunità Top: SAGA | APY: 2290.05% (Rate: 0.2614%/h) | Prezzo: $0.02
[2026-08-25 16:37:10] [INFO] [hyperliquid_bot.strategy.funding]: 📊 Opportunità Top: SAGA | APY: 2279.52% (Rate: 0.2602%/h) | Prezzo: $0.02
[2026-08-25 16:37:40] [INFO] [hyperliquid_bot.strategy.funding]: 📊 Opportunità Top: SAGA | APY: 2269.26% (Rate: 0.2590%/h) | Prezzo: $0.02
[2026-08-25 16:38:10] [INFO] [hyperliquid_bot.strategy.funding]: 📊 Opportunità Top: SAGA | APY: 2259.93% (Rate: 0.2580%/h) | Prezzo: $0.02
[2026-08-25 16:38:40] [INFO] [hyperliquid_bot.strategy.funding]: 📊 Opportunità Top: SAGA | APY: 2251.31% (Rate: 0.2570%/h) | Prezzo: $0.02
[2026-08-25 16:39:10] [INFO] [hyperliquid_bot.strategy.funding]: 📊 Opportunità Top: SAGA | APY: 2243.39% (Rate: 0.2561%/h) | Prezzo: $0.02
[2026-08-25 16:39:10] [INFO] [hyperliquid_bot.engine]: 
=================================================================
📊 [RESOCONTO GUADAGNI FUNDING ARBITRAGE]
   Capitale Allocato:        $150.00 (3 posizioni attive)
   Rendita Oraria Stimata:   +$0.3711/h (+$8.91/giorno)
   Funding Maturato Attuale: +$0.8223 USD
   Totale Guadagni Incassati:+$1.3493 USD
-----------------------------------------------------------------
   • BTC   | Size: 0.0006 ($50.00) | APY: 2325.82% | Attiva da: 3.4h | Funding: +$0.4548
   • SOL   | Size: 0.4841 ($50.00) | APY: 1341.62% | Attiva da: 3.4h | Funding: +$0.2623
   • SAGA  | Size: 3291.6392 ($50.00) | APY: 2834.63% | Attiva da: 0.7h | Funding: +$0.1052
=================================================================
[2026-08-25 16:39:40] [INFO] [hyperliquid_bot.strategy.funding]: 📊 Opportunità Top: SAGA | APY: 2237.4% (Rate: 0.2554%/h) | Prezzo: $0.02
[2026-08-25 16:40:10] [INFO] [hyperliquid_bot.strategy.funding]: 📊 Opportunità Top: SAGA | APY: 2231.7% (Rate: 0.2548%/h) | Prezzo: $0.02
[2026-08-25 16:40:40] [INFO] [hyperliquid_bot.strategy.funding]: 📊 Opportunità Top: SAGA | APY: 2226.15% (Rate: 0.2541%/h) | Prezzo: $0.02
[2026-08-25 16:41:10] [INFO] [hyperliquid_bot.strategy.funding]: 📊 Opportunità Top: SAGA | APY: 2220.73% (Rate: 0.2535%/h) | Prezzo: $0.02
[2026-08-25 16:41:40] [INFO] [hyperliquid_bot.strategy.funding]: 📊 Opportunità Top: SAGA | APY: 2215.59% (Rate: 0.2529%/h) | Prezzo: $0.02
[2026-08-25 16:42:10] [INFO] [hyperliquid_bot.strategy.funding]: 📊 Opportunità Top: SAGA | APY: 2213.09% (Rate: 0.2526%/h) | Prezzo: $0.02
[2026-08-25 16:42:40] [INFO] [hyperliquid_bot.strategy.funding]: 📊 Opportunità Top: SAGA | APY: 2209.91% (Rate: 0.2523%/h) | Prezzo: $0.02
[2026-08-25 16:43:10] [INFO] [hyperliquid_bot.strategy.funding]: 📊 Opportunità Top: SAGA | APY: 2206.66% (Rate: 0.2519%/h) | Prezzo: $0.02
[2026-08-25 16:43:40] [INFO] [hyperliquid_bot.strategy.funding]: 📊 Opportunità Top: SAGA | APY: 2205.35% (Rate: 0.2518%/h) | Prezzo: $0.02
[2026-08-25 16:44:10] [INFO] [hyperliquid_bot.strategy.funding]: 📊 Opportunità Top: SAGA | APY: 2203.92% (Rate: 0.2516%/h) | Prezzo: $0.02
[2026-08-25 16:44:40] [INFO] [hyperliquid_bot.strategy.funding]: 📊 Opportunità Top: SAGA | APY: 2202.25% (Rate: 0.2514%/h) | Prezzo: $0.02
[2026-08-25 16:44:40] [INFO] [hyperliquid_bot.engine]: 
=================================================================
📊 [RESOCONTO GUADAGNI FUNDING ARBITRAGE]
   Capitale Allocato:        $150.00 (3 posizioni attive)
   Rendita Oraria Stimata:   +$0.3711/h (+$8.91/giorno)
   Funding Maturato Attuale: +$0.8563 USD
   Totale Guadagni Incassati:+$1.3833 USD
-----------------------------------------------------------------
   • BTC   | Size: 0.0006 ($50.00) | APY: 2325.82% | Attiva da: 3.5h | Funding: +$0.4670
   • SOL   | Size: 0.4841 ($50.00) | APY: 1341.62% | Attiva da: 3.5h | Funding: +$0.2694
   • SAGA  | Size: 3291.6392 ($50.00) | APY: 2834.63% | Attiva da: 0.7h | Funding: +$0.1200
=================================================================
[2026-08-25 16:45:10] [INFO] [hyperliquid_bot.strategy.funding]: 📊 Opportunità Top: SAGA | APY: 2201.44% (Rate: 0.2513%/h) | Prezzo: $0.02
[2026-08-25 16:45:40] [INFO] [hyperliquid_bot.strategy.funding]: 📊 Opportunità Top: SAGA | APY: 2200.02% (Rate: 0.2511%/h) | Prezzo: $0.02
[2026-08-25 16:46:10] [INFO] [hyperliquid_bot.strategy.funding]: 📊 Opportunità Top: SAGA | APY: 2198.52% (Rate: 0.2510%/h) | Prezzo: $0.02
[2026-08-25 16:46:40] [INFO] [hyperliquid_bot.strategy.funding]: 📊 Opportunità Top: SAGA | APY: 2196.44% (Rate: 0.2507%/h) | Prezzo: $0.02
[2026-08-25 16:47:10] [INFO] [hyperliquid_bot.strategy.funding]: 📊 Opportunità Top: SAGA | APY: 2194.41% (Rate: 0.2505%/h) | Prezzo: $0.02
[2026-08-25 16:47:40] [INFO] [hyperliquid_bot.strategy.funding]: 📊 Opportunità Top: SAGA | APY: 2192.09% (Rate: 0.2502%/h) | Prezzo: $0.02
[2026-08-25 16:48:10] [INFO] [hyperliquid_bot.strategy.funding]: 📊 Opportunità Top: SAGA | APY: 2189.3% (Rate: 0.2499%/h) | Prezzo: $0.02
[2026-08-25 16:48:40] [INFO] [hyperliquid_bot.strategy.funding]: 📊 Opportunità Top: SAGA | APY: 2185.47% (Rate: 0.2495%/h) | Prezzo: $0.02
[2026-08-25 16:49:10] [INFO] [hyperliquid_bot.strategy.funding]: 📊 Opportunità Top: SAGA | APY: 2181.6% (Rate: 0.2490%/h) | Prezzo: $0.02
[2026-08-25 16:49:40] [INFO] [hyperliquid_bot.strategy.funding]: 📊 Opportunità Top: SAGA | APY: 2178.44% (Rate: 0.2487%/h) | Prezzo: $0.02
[2026-08-25 16:50:10] [INFO] [hyperliquid_bot.strategy.funding]: 📊 Opportunità Top: SAGA | APY: 2175.59% (Rate: 0.2484%/h) | Prezzo: $0.02
[2026-08-25 16:50:10] [INFO] [hyperliquid_bot.engine]: 
=================================================================
📊 [RESOCONTO GUADAGNI FUNDING ARBITRAGE]
   Capitale Allocato:        $150.00 (3 posizioni attive)
   Rendita Oraria Stimata:   +$0.3711/h (+$8.91/giorno)
   Funding Maturato Attuale: +$0.8903 USD
   Totale Guadagni Incassati:+$1.4173 USD
-----------------------------------------------------------------
   • BTC   | Size: 0.0006 ($50.00) | APY: 2325.82% | Attiva da: 3.6h | Funding: +$0.4791
   • SOL   | Size: 0.4841 ($50.00) | APY: 1341.62% | Attiva da: 3.6h | Funding: +$0.2764
   • SAGA  | Size: 3291.6392 ($50.00) | APY: 2834.63% | Attiva da: 0.8h | Funding: +$0.1348
=================================================================
[2026-08-25 16:50:40] [INFO] [hyperliquid_bot.strategy.funding]: 📊 Opportunità Top: SAGA | APY: 2173.77% (Rate: 0.2481%/h) | Prezzo: $0.02
[2026-08-25 16:51:10] [INFO] [hyperliquid_bot.strategy.funding]: 📊 Opportunità Top: SAGA | APY: 2171.75% (Rate: 0.2479%/h) | Prezzo: $0.02
[2026-08-25 16:51:40] [INFO] [hyperliquid_bot.strategy.funding]: 📊 Opportunità Top: SAGA | APY: 2169.65% (Rate: 0.2477%/h) | Prezzo: $0.02
[2026-08-25 16:52:10] [INFO] [hyperliquid_bot.strategy.funding]: 📊 Opportunità Top: SAGA | APY: 2166.87% (Rate: 0.2474%/h) | Prezzo: $0.02
[2026-08-25 16:52:40] [INFO] [hyperliquid_bot.strategy.funding]: 📊 Opportunità Top: SAGA | APY: 2163.9% (Rate: 0.2470%/h) | Prezzo: $0.02
[2026-08-25 16:53:10] [INFO] [hyperliquid_bot.strategy.funding]: 📊 Opportunità Top: SAGA | APY: 2161.0% (Rate: 0.2467%/h) | Prezzo: $0.02
[2026-08-25 16:53:40] [INFO] [hyperliquid_bot.strategy.funding]: 📊 Opportunità Top: SAGA | APY: 2158.84% (Rate: 0.2464%/h) | Prezzo: $0.02
[2026-08-25 16:54:10] [INFO] [hyperliquid_bot.strategy.funding]: 📊 Opportunità Top: SAGA | APY: 2156.72% (Rate: 0.2462%/h) | Prezzo: $0.02
[2026-08-25 16:54:41] [INFO] [hyperliquid_bot.strategy.funding]: 📊 Opportunità Top: SAGA | APY: 2154.3% (Rate: 0.2459%/h) | Prezzo: $0.02
[2026-08-25 16:55:10] [INFO] [hyperliquid_bot.strategy.funding]: 📊 Opportunità Top: SAGA | APY: 2152.38% (Rate: 0.2457%/h) | Prezzo: $0.02
[2026-08-25 16:55:40] [INFO] [hyperliquid_bot.strategy.funding]: 📊 Opportunità Top: SAGA | APY: 2150.38% (Rate: 0.2455%/h) | Prezzo: $0.02
[2026-08-25 16:55:40] [INFO] [hyperliquid_bot.engine]: 
=================================================================
📊 [RESOCONTO GUADAGNI FUNDING ARBITRAGE]
   Capitale Allocato:        $150.00 (3 posizioni attive)
   Rendita Oraria Stimata:   +$0.3711/h (+$8.91/giorno)
   Funding Maturato Attuale: +$0.9244 USD
   Totale Guadagni Incassati:+$1.4514 USD
-----------------------------------------------------------------
   • BTC   | Size: 0.0006 ($50.00) | APY: 2325.82% | Attiva da: 3.7h | Funding: +$0.4913
   • SOL   | Size: 0.4841 ($50.00) | APY: 1341.62% | Attiva da: 3.7h | Funding: +$0.2834
   • SAGA  | Size: 3291.6392 ($50.00) | APY: 2834.63% | Attiva da: 0.9h | Funding: +$0.1497
=================================================================
[2026-08-25 16:56:10] [INFO] [hyperliquid_bot.strategy.funding]: 📊 Opportunità Top: SAGA | APY: 2147.74% (Rate: 0.2452%/h) | Prezzo: $0.02
[2026-08-25 16:56:41] [INFO] [hyperliquid_bot.strategy.funding]: 📊 Opportunità Top: SAGA | APY: 2144.73% (Rate: 0.2448%/h) | Prezzo: $0.02
[2026-08-25 16:57:10] [INFO] [hyperliquid_bot.strategy.funding]: 📊 Opportunità Top: SAGA | APY: 2142.62% (Rate: 0.2446%/h) | Prezzo: $0.02
[2026-08-25 16:57:40] [INFO] [hyperliquid_bot.strategy.funding]: 📊 Opportunità Top: SAGA | APY: 2140.14% (Rate: 0.2443%/h) | Prezzo: $0.02
[2026-08-25 16:58:10] [INFO] [hyperliquid_bot.strategy.funding]: 📊 Opportunità Top: SAGA | APY: 2138.52% (Rate: 0.2441%/h) | Prezzo: $0.02
[2026-08-25 16:58:40] [INFO] [hyperliquid_bot.strategy.funding]: 📊 Opportunità Top: SAGA | APY: 2136.96% (Rate: 0.2439%/h) | Prezzo: $0.02
[2026-08-25 16:59:10] [INFO] [hyperliquid_bot.strategy.funding]: 📊 Opportunità Top: SAGA | APY: 2136.15% (Rate: 0.2439%/h) | Prezzo: $0.02
[2026-08-25 16:59:40] [INFO] [hyperliquid_bot.strategy.funding]: 📊 Opportunità Top: SAGA | APY: 2136.1% (Rate: 0.2438%/h) | Prezzo: $0.02
[2026-08-25 17:00:10] [INFO] [hyperliquid_bot.strategy.funding]: 📊 Opportunità Top: SAGA | APY: 2079.37% (Rate: 0.2374%/h) | Prezzo: $0.02
[2026-08-25 17:00:40] [INFO] [hyperliquid_bot.strategy.funding]: 📊 Opportunità Top: SAGA | APY: 2023.11% (Rate: 0.2309%/h) | Prezzo: $0.02
[2026-08-25 17:01:10] [INFO] [hyperliquid_bot.strategy.funding]: 📊 Opportunità Top: SAGA | APY: 2015.07% (Rate: 0.2300%/h) | Prezzo: $0.02
[2026-08-25 17:01:10] [INFO] [hyperliquid_bot.engine]: 
=================================================================
📊 [RESOCONTO GUADAGNI FUNDING ARBITRAGE]
   Capitale Allocato:        $150.00 (3 posizioni attive)
   Rendita Oraria Stimata:   +$0.3711/h (+$8.91/giorno)
   Funding Maturato Attuale: +$0.9584 USD
   Totale Guadagni Incassati:+$1.4854 USD
-----------------------------------------------------------------
   • BTC   | Size: 0.0006 ($50.00) | APY: 2325.82% | Attiva da: 3.8h | Funding: +$0.5035
   • SOL   | Size: 0.4841 ($50.00) | APY: 1341.62% | Attiva da: 3.8h | Funding: +$0.2904
   • SAGA  | Size: 3291.6392 ($50.00) | APY: 2834.63% | Attiva da: 1.0h | Funding: +$0.1645
=================================================================
[2026-08-25 17:01:41] [INFO] [hyperliquid_bot.strategy.funding]: 📊 Opportunità Top: SAGA | APY: 1990.1% (Rate: 0.2272%/h) | Prezzo: $0.02
[2026-08-25 17:02:10] [INFO] [hyperliquid_bot.strategy.funding]: 📊 Opportunità Top: SAGA | APY: 1984.95% (Rate: 0.2266%/h) | Prezzo: $0.02
[2026-08-25 17:02:41] [INFO] [hyperliquid_bot.strategy.funding]: 📊 Opportunità Top: SAGA | APY: 2006.67% (Rate: 0.2291%/h) | Prezzo: $0.02
[2026-08-25 17:03:10] [INFO] [hyperliquid_bot.strategy.funding]: 📊 Opportunità Top: SAGA | APY: 2026.11% (Rate: 0.2313%/h) | Prezzo: $0.02
[2026-08-25 17:03:41] [INFO] [hyperliquid_bot.strategy.funding]: 📊 Opportunità Top: SAGA | APY: 2027.72% (Rate: 0.2315%/h) | Prezzo: $0.02
[2026-08-25 17:04:10] [INFO] [hyperliquid_bot.strategy.funding]: 📊 Opportunità Top: SAGA | APY: 2044.1% (Rate: 0.2333%/h) | Prezzo: $0.02
[2026-08-25 17:04:41] [INFO] [hyperliquid_bot.strategy.funding]: 📊 Opportunità Top: SAGA | APY: 2066.26% (Rate: 0.2359%/h) | Prezzo: $0.02
[2026-08-25 17:05:10] [INFO] [hyperliquid_bot.strategy.funding]: 📊 Opportunità Top: SAGA | APY: 2085.5% (Rate: 0.2381%/h) | Prezzo: $0.02
[2026-08-25 17:05:40] [INFO] [hyperliquid_bot.strategy.funding]: 📊 Opportunità Top: SAGA | APY: 2102.3% (Rate: 0.2400%/h) | Prezzo: $0.02
[2026-08-25 17:06:11] [INFO] [hyperliquid_bot.strategy.funding]: 📊 Opportunità Top: SAGA | APY: 2120.51% (Rate: 0.2421%/h) | Prezzo: $0.02
[2026-08-25 17:06:11] [INFO] [hyperliquid_bot.engine]: 
=================================================================
📊 [RESOCONTO GUADAGNI FUNDING ARBITRAGE]
   Capitale Allocato:        $150.00 (3 posizioni attive)
   Rendita Oraria Stimata:   +$0.3711/h (+$8.91/giorno)
   Funding Maturato Attuale: +$0.9894 USD
   Totale Guadagni Incassati:+$1.5164 USD
-----------------------------------------------------------------
   • BTC   | Size: 0.0006 ($50.00) | APY: 2325.82% | Attiva da: 3.9h | Funding: +$0.5145
   • SOL   | Size: 0.4841 ($50.00) | APY: 1341.62% | Attiva da: 3.9h | Funding: +$0.2968
   • SAGA  | Size: 3291.6392 ($50.00) | APY: 2834.63% | Attiva da: 1.1h | Funding: +$0.1780
=================================================================
[2026-08-25 17:06:40] [INFO] [hyperliquid_bot.strategy.funding]: 📊 Opportunità Top: SAGA | APY: 2129.52% (Rate: 0.2431%/h) | Prezzo: $0.02
[2026-08-25 17:07:10] [INFO] [hyperliquid_bot.strategy.funding]: 📊 Opportunità Top: SAGA | APY: 2134.69% (Rate: 0.2437%/h) | Prezzo: $0.02
[2026-08-25 17:07:40] [INFO] [hyperliquid_bot.strategy.funding]: 📊 Opportunità Top: SAGA | APY: 2135.96% (Rate: 0.2438%/h) | Prezzo: $0.02
[2026-08-25 17:08:10] [INFO] [hyperliquid_bot.strategy.funding]: 📊 Opportunità Top: SAGA | APY: 2137.08% (Rate: 0.2440%/h) | Prezzo: $0.02
[2026-08-25 17:08:40] [INFO] [hyperliquid_bot.strategy.funding]: 📊 Opportunità Top: SAGA | APY: 2138.07% (Rate: 0.2441%/h) | Prezzo: $0.02
[2026-08-25 17:09:10] [INFO] [hyperliquid_bot.strategy.funding]: 📊 Opportunità Top: SAGA | APY: 2134.22% (Rate: 0.2436%/h) | Prezzo: $0.02
[2026-08-25 17:09:41] [INFO] [hyperliquid_bot.strategy.funding]: 📊 Opportunità Top: SAGA | APY: 2131.4% (Rate: 0.2433%/h) | Prezzo: $0.02
[2026-08-25 17:10:10] [INFO] [hyperliquid_bot.strategy.funding]: 📊 Opportunità Top: SAGA | APY: 2131.92% (Rate: 0.2434%/h) | Prezzo: $0.02
[2026-08-25 17:10:41] [INFO] [hyperliquid_bot.strategy.funding]: 📊 Opportunità Top: SAGA | APY: 2130.63% (Rate: 0.2432%/h) | Prezzo: $0.02
[2026-08-25 17:11:10] [INFO] [hyperliquid_bot.strategy.funding]: 📊 Opportunità Top: SAGA | APY: 2135.03% (Rate: 0.2437%/h) | Prezzo: $0.02
[2026-08-25 17:11:41] [INFO] [hyperliquid_bot.strategy.funding]: 📊 Opportunità Top: SAGA | APY: 2139.05% (Rate: 0.2442%/h) | Prezzo: $0.02
[2026-08-25 17:11:41] [INFO] [hyperliquid_bot.engine]: 
=================================================================
📊 [RESOCONTO GUADAGNI FUNDING ARBITRAGE]
   Capitale Allocato:        $150.00 (3 posizioni attive)
   Rendita Oraria Stimata:   +$0.3711/h (+$8.91/giorno)
   Funding Maturato Attuale: +$1.0234 USD
   Totale Guadagni Incassati:+$1.5504 USD
-----------------------------------------------------------------
   • BTC   | Size: 0.0006 ($50.00) | APY: 2325.82% | Attiva da: 4.0h | Funding: +$0.5267
   • SOL   | Size: 0.4841 ($50.00) | APY: 1341.62% | Attiva da: 4.0h | Funding: +$0.3038
   • SAGA  | Size: 3291.6392 ($50.00) | APY: 2834.63% | Attiva da: 1.2h | Funding: +$0.1928
=================================================================
[2026-08-25 17:12:10] [INFO] [hyperliquid_bot.strategy.funding]: 📊 Opportunità Top: SAGA | APY: 2142.75% (Rate: 0.2446%/h) | Prezzo: $0.02
[2026-08-25 17:12:40] [INFO] [hyperliquid_bot.strategy.funding]: 📊 Opportunità Top: SAGA | APY: 2146.15% (Rate: 0.2450%/h) | Prezzo: $0.02
[2026-08-25 17:13:10] [INFO] [hyperliquid_bot.strategy.funding]: 📊 Opportunità Top: SAGA | APY: 2148.83% (Rate: 0.2453%/h) | Prezzo: $0.02
[2026-08-25 17:13:41] [INFO] [hyperliquid_bot.strategy.funding]: 📊 Opportunità Top: SAGA | APY: 2143.58% (Rate: 0.2447%/h) | Prezzo: $0.02
[2026-08-25 17:14:11] [INFO] [hyperliquid_bot.strategy.funding]: 📊 Opportunità Top: SAGA | APY: 2140.01% (Rate: 0.2443%/h) | Prezzo: $0.02
[2026-08-25 17:14:40] [INFO] [hyperliquid_bot.strategy.funding]: 📊 Opportunità Top: SAGA | APY: 2137.1% (Rate: 0.2440%/h) | Prezzo: $0.02
[2026-08-25 17:15:10] [INFO] [hyperliquid_bot.strategy.funding]: 📊 Opportunità Top: SAGA | APY: 2133.16% (Rate: 0.2435%/h) | Prezzo: $0.02
[2026-08-25 17:15:40] [INFO] [hyperliquid_bot.strategy.funding]: 📊 Opportunità Top: SAGA | APY: 2133.04% (Rate: 0.2435%/h) | Prezzo: $0.02
[2026-08-25 17:16:10] [INFO] [hyperliquid_bot.strategy.funding]: 📊 Opportunità Top: SAGA | APY: 2129.85% (Rate: 0.2431%/h) | Prezzo: $0.02
[2026-08-25 17:16:41] [INFO] [hyperliquid_bot.strategy.funding]: 📊 Opportunità Top: SAGA | APY: 2122.01% (Rate: 0.2422%/h) | Prezzo: $0.02
[2026-08-25 17:17:11] [INFO] [hyperliquid_bot.strategy.funding]: 📊 Opportunità Top: SAGA | APY: 2111.38% (Rate: 0.2410%/h) | Prezzo: $0.02
[2026-08-25 17:17:11] [INFO] [hyperliquid_bot.engine]: 
=================================================================
📊 [RESOCONTO GUADAGNI FUNDING ARBITRAGE]
   Capitale Allocato:        $150.00 (3 posizioni attive)
   Rendita Oraria Stimata:   +$0.3711/h (+$8.91/giorno)
   Funding Maturato Attuale: +$1.0574 USD
   Totale Guadagni Incassati:+$1.5844 USD
-----------------------------------------------------------------
   • BTC   | Size: 0.0006 ($50.00) | APY: 2325.82% | Attiva da: 4.1h | Funding: +$0.5389
   • SOL   | Size: 0.4841 ($50.00) | APY: 1341.62% | Attiva da: 4.1h | Funding: +$0.3108
   • SAGA  | Size: 3291.6392 ($50.00) | APY: 2834.63% | Attiva da: 1.3h | Funding: +$0.2077
=================================================================
[2026-08-25 17:17:41] [INFO] [hyperliquid_bot.strategy.funding]: 📊 Opportunità Top: SAGA | APY: 2106.61% (Rate: 0.2405%/h) | Prezzo: $0.02
[2026-08-25 17:18:10] [INFO] [hyperliquid_bot.strategy.funding]: 📊 Opportunità Top: SAGA | APY: 2105.86% (Rate: 0.2404%/h) | Prezzo: $0.02
[2026-08-25 17:18:41] [INFO] [hyperliquid_bot.strategy.funding]: 📊 Opportunità Top: SAGA | APY: 2103.82% (Rate: 0.2402%/h) | Prezzo: $0.02
[2026-08-25 17:19:11] [INFO] [hyperliquid_bot.strategy.funding]: 📊 Opportunità Top: SAGA | APY: 2100.91% (Rate: 0.2398%/h) | Prezzo: $0.02
[2026-08-25 17:19:41] [INFO] [hyperliquid_bot.strategy.funding]: 📊 Opportunità Top: SAGA | APY: 2096.57% (Rate: 0.2393%/h) | Prezzo: $0.02
[2026-08-25 17:20:11] [INFO] [hyperliquid_bot.strategy.funding]: 📊 Opportunità Top: SAGA | APY: 2092.14% (Rate: 0.2388%/h) | Prezzo: $0.02
[2026-08-25 17:20:41] [INFO] [hyperliquid_bot.strategy.funding]: 📊 Opportunità Top: SAGA | APY: 2086.42% (Rate: 0.2382%/h) | Prezzo: $0.02
[2026-08-25 17:21:11] [INFO] [hyperliquid_bot.strategy.funding]: 📊 Opportunità Top: SAGA | APY: 2079.8% (Rate: 0.2374%/h) | Prezzo: $0.02
[2026-08-25 17:21:41] [INFO] [hyperliquid_bot.strategy.funding]: 📊 Opportunità Top: SAGA | APY: 2073.76% (Rate: 0.2367%/h) | Prezzo: $0.02
[2026-08-25 17:22:11] [INFO] [hyperliquid_bot.strategy.funding]: 📊 Opportunità Top: SAGA | APY: 2069.96% (Rate: 0.2363%/h) | Prezzo: $0.02
[2026-08-25 17:22:41] [INFO] [hyperliquid_bot.strategy.funding]: 📊 Opportunità Top: SAGA | APY: 2065.23% (Rate: 0.2358%/h) | Prezzo: $0.02
[2026-08-25 17:22:41] [INFO] [hyperliquid_bot.engine]: 
=================================================================
📊 [RESOCONTO GUADAGNI FUNDING ARBITRAGE]
   Capitale Allocato:        $150.00 (3 posizioni attive)
   Rendita Oraria Stimata:   +$0.3711/h (+$8.91/giorno)
   Funding Maturato Attuale: +$1.0914 USD
   Totale Guadagni Incassati:+$1.6184 USD
-----------------------------------------------------------------
   • BTC   | Size: 0.0006 ($50.00) | APY: 2325.82% | Attiva da: 4.2h | Funding: +$0.5510
   • SOL   | Size: 0.4841 ($50.00) | APY: 1341.62% | Attiva da: 4.2h | Funding: +$0.3179
   • SAGA  | Size: 3291.6392 ($50.00) | APY: 2834.63% | Attiva da: 1.4h | Funding: +$0.2225
=================================================================
[2026-08-25 17:23:11] [INFO] [hyperliquid_bot.strategy.funding]: 📊 Opportunità Top: SAGA | APY: 2060.97% (Rate: 0.2353%/h) | Prezzo: $0.02
[2026-08-25 17:23:41] [INFO] [hyperliquid_bot.strategy.funding]: 📊 Opportunità Top: SAGA | APY: 2058.99% (Rate: 0.2350%/h) | Prezzo: $0.02
[2026-08-25 17:24:10] [INFO] [hyperliquid_bot.strategy.funding]: 📊 Opportunità Top: SAGA | APY: 2056.84% (Rate: 0.2348%/h) | Prezzo: $0.02
[2026-08-25 17:24:41] [INFO] [hyperliquid_bot.strategy.funding]: 📊 Opportunità Top: SAGA | APY: 2054.26% (Rate: 0.2345%/h) | Prezzo: $0.02
[2026-08-25 17:25:11] [INFO] [hyperliquid_bot.strategy.funding]: 📊 Opportunità Top: SAGA | APY: 2053.03% (Rate: 0.2344%/h) | Prezzo: $0.02
[2026-08-25 17:25:41] [INFO] [hyperliquid_bot.strategy.funding]: 📊 Opportunità Top: SAGA | APY: 2055.24% (Rate: 0.2346%/h) | Prezzo: $0.02
[2026-08-25 17:26:11] [INFO] [hyperliquid_bot.strategy.funding]: 📊 Opportunità Top: SAGA | APY: 2057.84% (Rate: 0.2349%/h) | Prezzo: $0.02
[2026-08-25 17:26:41] [INFO] [hyperliquid_bot.strategy.funding]: 📊 Opportunità Top: SAGA | APY: 2061.05% (Rate: 0.2353%/h) | Prezzo: $0.02
[2026-08-25 17:27:11] [INFO] [hyperliquid_bot.strategy.funding]: 📊 Opportunità Top: SAGA | APY: 2064.15% (Rate: 0.2356%/h) | Prezzo: $0.02
[2026-08-25 17:27:41] [INFO] [hyperliquid_bot.strategy.funding]: 📊 Opportunità Top: SAGA | APY: 2067.13% (Rate: 0.2360%/h) | Prezzo: $0.02
[2026-08-25 17:28:11] [INFO] [hyperliquid_bot.strategy.funding]: 📊 Opportunità Top: SAGA | APY: 2070.0% (Rate: 0.2363%/h) | Prezzo: $0.02
[2026-08-25 17:28:11] [INFO] [hyperliquid_bot.engine]: 
=================================================================
📊 [RESOCONTO GUADAGNI FUNDING ARBITRAGE]
   Capitale Allocato:        $150.00 (3 posizioni attive)
   Rendita Oraria Stimata:   +$0.3711/h (+$8.91/giorno)
   Funding Maturato Attuale: +$1.1254 USD
   Totale Guadagni Incassati:+$1.6525 USD
-----------------------------------------------------------------
   • BTC   | Size: 0.0006 ($50.00) | APY: 2325.82% | Attiva da: 4.2h | Funding: +$0.5632
   • SOL   | Size: 0.4841 ($50.00) | APY: 1341.62% | Attiva da: 4.2h | Funding: +$0.3249
   • SAGA  | Size: 3291.6392 ($50.00) | APY: 2834.63% | Attiva da: 1.5h | Funding: +$0.2373
=================================================================
[2026-08-25 17:28:41] [INFO] [hyperliquid_bot.strategy.funding]: 📊 Opportunità Top: SAGA | APY: 2072.56% (Rate: 0.2366%/h) | Prezzo: $0.02
[2026-08-25 17:29:11] [INFO] [hyperliquid_bot.strategy.funding]: 📊 Opportunità Top: SAGA | APY: 2073.53% (Rate: 0.2367%/h) | Prezzo: $0.02
[2026-08-25 17:29:41] [INFO] [hyperliquid_bot.strategy.funding]: 📊 Opportunità Top: SAGA | APY: 2073.63% (Rate: 0.2367%/h) | Prezzo: $0.02
[2026-08-25 17:30:11] [INFO] [hyperliquid_bot.strategy.funding]: 📊 Opportunità Top: SAGA | APY: 2073.52% (Rate: 0.2367%/h) | Prezzo: $0.02
[2026-08-25 17:30:41] [INFO] [hyperliquid_bot.strategy.funding]: 📊 Opportunità Top: SAGA | APY: 2073.2% (Rate: 0.2367%/h) | Prezzo: $0.02
[2026-08-25 17:31:11] [INFO] [hyperliquid_bot.strategy.funding]: 📊 Opportunità Top: SAGA | APY: 2073.1% (Rate: 0.2367%/h) | Prezzo: $0.02
[2026-08-25 17:31:41] [INFO] [hyperliquid_bot.strategy.funding]: 📊 Opportunità Top: SAGA | APY: 2072.02% (Rate: 0.2365%/h) | Prezzo: $0.02
[2026-08-25 17:32:11] [INFO] [hyperliquid_bot.strategy.funding]: 📊 Opportunità Top: SAGA | APY: 2070.97% (Rate: 0.2364%/h) | Prezzo: $0.02
[2026-08-25 17:32:41] [INFO] [hyperliquid_bot.strategy.funding]: 📊 Opportunità Top: SAGA | APY: 2070.91% (Rate: 0.2364%/h) | Prezzo: $0.02
[2026-08-25 17:33:11] [INFO] [hyperliquid_bot.strategy.funding]: 📊 Opportunità Top: SAGA | APY: 2070.84% (Rate: 0.2364%/h) | Prezzo: $0.02
[2026-08-25 17:33:41] [INFO] [hyperliquid_bot.strategy.funding]: 📊 Opportunità Top: SAGA | APY: 2069.68% (Rate: 0.2363%/h) | Prezzo: $0.02
[2026-08-25 17:33:41] [INFO] [hyperliquid_bot.engine]: 
=================================================================
📊 [RESOCONTO GUADAGNI FUNDING ARBITRAGE]
   Capitale Allocato:        $150.00 (3 posizioni attive)
   Rendita Oraria Stimata:   +$0.3711/h (+$8.91/giorno)
   Funding Maturato Attuale: +$1.1595 USD
   Totale Guadagni Incassati:+$1.6865 USD
-----------------------------------------------------------------
   • BTC   | Size: 0.0006 ($50.00) | APY: 2325.82% | Attiva da: 4.3h | Funding: +$0.5754
   • SOL   | Size: 0.4841 ($50.00) | APY: 1341.62% | Attiva da: 4.3h | Funding: +$0.3319
   • SAGA  | Size: 3291.6392 ($50.00) | APY: 2834.63% | Attiva da: 1.6h | Funding: +$0.2522
=================================================================
[2026-08-25 17:34:10] [INFO] [hyperliquid_bot.strategy.funding]: 📊 Opportunità Top: SAGA | APY: 2066.72% (Rate: 0.2359%/h) | Prezzo: $0.02
[2026-08-25 17:34:41] [INFO] [hyperliquid_bot.strategy.funding]: 📊 Opportunità Top: SAGA | APY: 2064.74% (Rate: 0.2357%/h) | Prezzo: $0.02
[2026-08-25 17:35:11] [INFO] [hyperliquid_bot.strategy.funding]: 📊 Opportunità Top: SAGA | APY: 2062.83% (Rate: 0.2355%/h) | Prezzo: $0.02
[2026-08-25 17:35:41] [INFO] [hyperliquid_bot.strategy.funding]: 📊 Opportunità Top: SAGA | APY: 2060.26% (Rate: 0.2352%/h) | Prezzo: $0.02
[2026-08-25 17:36:11] [INFO] [hyperliquid_bot.strategy.funding]: 📊 Opportunità Top: SAGA | APY: 2058.12% (Rate: 0.2349%/h) | Prezzo: $0.02
[2026-08-25 17:36:41] [INFO] [hyperliquid_bot.strategy.funding]: 📊 Opportunità Top: SAGA | APY: 2055.52% (Rate: 0.2346%/h) | Prezzo: $0.02
[2026-08-25 17:37:11] [INFO] [hyperliquid_bot.strategy.funding]: 📊 Opportunità Top: SAGA | APY: 2052.66% (Rate: 0.2343%/h) | Prezzo: $0.02
[2026-08-25 17:37:41] [INFO] [hyperliquid_bot.strategy.funding]: 📊 Opportunità Top: SAGA | APY: 2049.7% (Rate: 0.2340%/h) | Prezzo: $0.02
[2026-08-25 17:38:11] [INFO] [hyperliquid_bot.strategy.funding]: 📊 Opportunità Top: SAGA | APY: 2047.32% (Rate: 0.2337%/h) | Prezzo: $0.02
[2026-08-25 17:38:41] [INFO] [hyperliquid_bot.strategy.funding]: 📊 Opportunità Top: SAGA | APY: 2045.64% (Rate: 0.2335%/h) | Prezzo: $0.02
[2026-08-25 17:39:11] [INFO] [hyperliquid_bot.strategy.funding]: 📊 Opportunità Top: HYPE | APY: 2103.93% (Rate: 0.2402%/h) | Prezzo: $59.71
[2026-08-25 17:39:11] [INFO] [hyperliquid_bot.engine]: 
=================================================================
📊 [RESOCONTO GUADAGNI FUNDING ARBITRAGE]
   Capitale Allocato:        $150.00 (3 posizioni attive)
   Rendita Oraria Stimata:   +$0.3711/h (+$8.91/giorno)
   Funding Maturato Attuale: +$1.1935 USD
   Totale Guadagni Incassati:+$1.7205 USD
-----------------------------------------------------------------
   • BTC   | Size: 0.0006 ($50.00) | APY: 2325.82% | Attiva da: 4.4h | Funding: +$0.5876
   • SOL   | Size: 0.4841 ($50.00) | APY: 1341.62% | Attiva da: 4.4h | Funding: +$0.3389
   • SAGA  | Size: 3291.6392 ($50.00) | APY: 2834.63% | Attiva da: 1.7h | Funding: +$0.2670
=================================================================
[2026-08-25 17:39:41] [INFO] [hyperliquid_bot.strategy.funding]: 📊 Opportunità Top: HYPE | APY: 2184.24% (Rate: 0.2493%/h) | Prezzo: $59.71
[2026-08-25 17:40:11] [INFO] [hyperliquid_bot.strategy.funding]: 📊 Opportunità Top: HYPE | APY: 2262.55% (Rate: 0.2583%/h) | Prezzo: $59.71
[2026-08-25 17:40:41] [INFO] [hyperliquid_bot.strategy.funding]: 📊 Opportunità Top: HYPE | APY: 2338.94% (Rate: 0.2670%/h) | Prezzo: $59.71
[2026-08-25 17:41:11] [INFO] [hyperliquid_bot.strategy.funding]: 📊 Opportunità Top: HYPE | APY: 2413.49% (Rate: 0.2755%/h) | Prezzo: $59.71
[2026-08-25 17:41:41] [INFO] [hyperliquid_bot.strategy.funding]: 📊 Opportunità Top: HYPE | APY: 2486.24% (Rate: 0.2838%/h) | Prezzo: $59.71
[2026-08-25 17:42:11] [INFO] [hyperliquid_bot.strategy.funding]: 📊 Opportunità Top: HYPE | APY: 2557.28% (Rate: 0.2919%/h) | Prezzo: $59.71
[2026-08-25 17:42:41] [INFO] [hyperliquid_bot.strategy.funding]: 📊 Opportunità Top: HYPE | APY: 2626.65% (Rate: 0.2998%/h) | Prezzo: $59.71
[2026-08-25 17:43:11] [INFO] [hyperliquid_bot.strategy.funding]: 📊 Opportunità Top: HYPE | APY: 2694.42% (Rate: 0.3076%/h) | Prezzo: $59.71
[2026-08-25 17:43:41] [INFO] [hyperliquid_bot.strategy.funding]: 📊 Opportunità Top: HYPE | APY: 2760.64% (Rate: 0.3151%/h) | Prezzo: $59.71
[2026-08-25 17:44:11] [INFO] [hyperliquid_bot.strategy.funding]: 📊 Opportunità Top: HYPE | APY: 2825.36% (Rate: 0.3225%/h) | Prezzo: $59.71
[2026-08-25 17:44:41] [INFO] [hyperliquid_bot.strategy.funding]: 📊 Opportunità Top: HYPE | APY: 2888.64% (Rate: 0.3298%/h) | Prezzo: $59.71
[2026-08-25 17:44:41] [INFO] [hyperliquid_bot.engine]: 
=================================================================
📊 [RESOCONTO GUADAGNI FUNDING ARBITRAGE]
   Capitale Allocato:        $150.00 (3 posizioni attive)
   Rendita Oraria Stimata:   +$0.3711/h (+$8.91/giorno)
   Funding Maturato Attuale: +$1.2275 USD
   Totale Guadagni Incassati:+$1.7545 USD
-----------------------------------------------------------------
   • BTC   | Size: 0.0006 ($50.00) | APY: 2325.82% | Attiva da: 4.5h | Funding: +$0.5997
   • SOL   | Size: 0.4841 ($50.00) | APY: 1341.62% | Attiva da: 4.5h | Funding: +$0.3460
   • SAGA  | Size: 3291.6392 ($50.00) | APY: 2834.63% | Attiva da: 1.7h | Funding: +$0.2818
=================================================================
[2026-08-25 17:45:11] [INFO] [hyperliquid_bot.strategy.funding]: 📊 Opportunità Top: HYPE | APY: 2950.51% (Rate: 0.3368%/h) | Prezzo: $59.71
[2026-08-25 17:45:41] [INFO] [hyperliquid_bot.strategy.funding]: 📊 Opportunità Top: HYPE | APY: 3011.04% (Rate: 0.3437%/h) | Prezzo: $59.71
[2026-08-25 17:46:10] [INFO] [hyperliquid_bot.strategy.funding]: 📊 Opportunità Top: HYPE | APY: 2977.9% (Rate: 0.3399%/h) | Prezzo: $59.71
[2026-08-25 17:46:40] [INFO] [hyperliquid_bot.strategy.funding]: 📊 Opportunità Top: HYPE | APY: 2945.46% (Rate: 0.3362%/h) | Prezzo: $59.71
[2026-08-25 17:47:11] [INFO] [hyperliquid_bot.strategy.funding]: 📊 Opportunità Top: HYPE | APY: 2913.71% (Rate: 0.3326%/h) | Prezzo: $59.71
[2026-08-25 17:47:41] [INFO] [hyperliquid_bot.strategy.funding]: 📊 Opportunità Top: HYPE | APY: 2882.63% (Rate: 0.3291%/h) | Prezzo: $59.71
[2026-08-25 17:48:11] [INFO] [hyperliquid_bot.strategy.funding]: 📊 Opportunità Top: HYPE | APY: 2852.19% (Rate: 0.3256%/h) | Prezzo: $59.71
[2026-08-25 17:48:41] [INFO] [hyperliquid_bot.strategy.funding]: 📊 Opportunità Top: HYPE | APY: 2822.38% (Rate: 0.3222%/h) | Prezzo: $59.71
[2026-08-25 17:49:11] [INFO] [hyperliquid_bot.strategy.funding]: 📊 Opportunità Top: HYPE | APY: 2799.92% (Rate: 0.3196%/h) | Prezzo: $59.71
[2026-08-25 17:49:40] [INFO] [hyperliquid_bot.strategy.funding]: 📊 Opportunità Top: HYPE | APY: 2791.28% (Rate: 0.3186%/h) | Prezzo: $59.71
[2026-08-25 17:50:11] [INFO] [hyperliquid_bot.strategy.funding]: 📊 Opportunità Top: HYPE | APY: 2782.81% (Rate: 0.3177%/h) | Prezzo: $59.71
[2026-08-25 17:50:11] [INFO] [hyperliquid_bot.engine]: 
=================================================================
📊 [RESOCONTO GUADAGNI FUNDING ARBITRAGE]
   Capitale Allocato:        $150.00 (3 posizioni attive)
   Rendita Oraria Stimata:   +$0.3711/h (+$8.91/giorno)
   Funding Maturato Attuale: +$1.2616 USD
   Totale Guadagni Incassati:+$1.7886 USD
-----------------------------------------------------------------
   • BTC   | Size: 0.0006 ($50.00) | APY: 2325.82% | Attiva da: 4.6h | Funding: +$0.6119
   • SOL   | Size: 0.4841 ($50.00) | APY: 1341.62% | Attiva da: 4.6h | Funding: +$0.3530
   • SAGA  | Size: 3291.6392 ($50.00) | APY: 2834.63% | Attiva da: 1.8h | Funding: +$0.2967
=================================================================
[2026-08-25 17:50:41] [INFO] [hyperliquid_bot.strategy.funding]: 📊 Opportunità Top: HYPE | APY: 2774.51% (Rate: 0.3167%/h) | Prezzo: $59.71
[2026-08-25 17:51:10] [INFO] [hyperliquid_bot.strategy.funding]: 📊 Opportunità Top: HYPE | APY: 2766.37% (Rate: 0.3158%/h) | Prezzo: $59.71
[2026-08-25 17:51:41] [INFO] [hyperliquid_bot.strategy.funding]: 📊 Opportunità Top: HYPE | APY: 2758.39% (Rate: 0.3149%/h) | Prezzo: $59.71
[2026-08-25 17:52:11] [INFO] [hyperliquid_bot.strategy.funding]: 📊 Opportunità Top: HYPE | APY: 2750.57% (Rate: 0.3140%/h) | Prezzo: $59.71
[2026-08-25 17:52:41] [INFO] [hyperliquid_bot.strategy.funding]: 📊 Opportunità Top: HYPE | APY: 2742.89% (Rate: 0.3131%/h) | Prezzo: $59.71
[2026-08-25 17:53:11] [INFO] [hyperliquid_bot.strategy.funding]: 📊 Opportunità Top: HYPE | APY: 2735.35% (Rate: 0.3123%/h) | Prezzo: $59.71
[2026-08-25 17:53:41] [INFO] [hyperliquid_bot.strategy.funding]: 📊 Opportunità Top: HYPE | APY: 2727.96% (Rate: 0.3114%/h) | Prezzo: $59.71
[2026-08-25 17:54:11] [INFO] [hyperliquid_bot.strategy.funding]: 📊 Opportunità Top: HYPE | APY: 2720.7% (Rate: 0.3106%/h) | Prezzo: $59.71
[2026-08-25 17:54:41] [INFO] [hyperliquid_bot.strategy.funding]: 📊 Opportunità Top: HYPE | APY: 2713.57% (Rate: 0.3098%/h) | Prezzo: $59.71
[2026-08-25 17:55:11] [INFO] [hyperliquid_bot.strategy.funding]: 📊 Opportunità Top: HYPE | APY: 2706.57% (Rate: 0.3090%/h) | Prezzo: $59.71
[2026-08-25 17:55:41] [INFO] [hyperliquid_bot.strategy.funding]: 📊 Opportunità Top: HYPE | APY: 2699.7% (Rate: 0.3082%/h) | Prezzo: $59.71
[2026-08-25 17:55:41] [INFO] [hyperliquid_bot.engine]: 
=================================================================
📊 [RESOCONTO GUADAGNI FUNDING ARBITRAGE]
   Capitale Allocato:        $150.00 (3 posizioni attive)
   Rendita Oraria Stimata:   +$0.3711/h (+$8.91/giorno)
   Funding Maturato Attuale: +$1.2956 USD
   Totale Guadagni Incassati:+$1.8226 USD
-----------------------------------------------------------------
   • BTC   | Size: 0.0006 ($50.00) | APY: 2325.82% | Attiva da: 4.7h | Funding: +$0.6241
   • SOL   | Size: 0.4841 ($50.00) | APY: 1341.62% | Attiva da: 4.7h | Funding: +$0.3600
   • SAGA  | Size: 3291.6392 ($50.00) | APY: 2834.63% | Attiva da: 1.9h | Funding: +$0.3115
=================================================================
[2026-08-25 17:56:11] [INFO] [hyperliquid_bot.strategy.funding]: 📊 Opportunità Top: HYPE | APY: 2692.95% (Rate: 0.3074%/h) | Prezzo: $59.71
[2026-08-25 17:56:41] [INFO] [hyperliquid_bot.strategy.funding]: 📊 Opportunità Top: HYPE | APY: 2686.32% (Rate: 0.3067%/h) | Prezzo: $59.71
[2026-08-25 17:57:11] [INFO] [hyperliquid_bot.strategy.funding]: 📊 Opportunità Top: HYPE | APY: 2679.81% (Rate: 0.3059%/h) | Prezzo: $59.71
[2026-08-25 17:57:41] [INFO] [hyperliquid_bot.strategy.funding]: 📊 Opportunità Top: HYPE | APY: 2673.4% (Rate: 0.3052%/h) | Prezzo: $59.71
[2026-08-25 17:58:11] [INFO] [hyperliquid_bot.strategy.funding]: 📊 Opportunità Top: HYPE | APY: 2667.11% (Rate: 0.3045%/h) | Prezzo: $59.71
[2026-08-25 17:58:41] [INFO] [hyperliquid_bot.strategy.funding]: 📊 Opportunità Top: HYPE | APY: 2660.93% (Rate: 0.3038%/h) | Prezzo: $59.71
[2026-08-25 17:59:11] [INFO] [hyperliquid_bot.strategy.funding]: 📊 Opportunità Top: HYPE | APY: 2654.85% (Rate: 0.3031%/h) | Prezzo: $59.71
[2026-08-25 17:59:41] [INFO] [hyperliquid_bot.strategy.funding]: 📊 Opportunità Top: HYPE | APY: 2648.87% (Rate: 0.3024%/h) | Prezzo: $59.71
[2026-08-25 18:00:11] [INFO] [hyperliquid_bot.strategy.funding]: 📊 Opportunità Top: HYPE | APY: 1940.37% (Rate: 0.2215%/h) | Prezzo: $59.71
[2026-08-25 18:00:41] [INFO] [hyperliquid_bot.strategy.funding]: 📊 Opportunità Top: HYPE | APY: 1940.37% (Rate: 0.2215%/h) | Prezzo: $59.71
[2026-08-25 18:01:11] [INFO] [hyperliquid_bot.strategy.funding]: 📊 Opportunità Top: HYPE | APY: 1940.37% (Rate: 0.2215%/h) | Prezzo: $59.71
[2026-08-25 18:01:11] [INFO] [hyperliquid_bot.engine]: 
=================================================================
📊 [RESOCONTO GUADAGNI FUNDING ARBITRAGE]
   Capitale Allocato:        $150.00 (3 posizioni attive)
   Rendita Oraria Stimata:   +$0.3711/h (+$8.91/giorno)
   Funding Maturato Attuale: +$1.3296 USD
   Totale Guadagni Incassati:+$1.8566 USD
-----------------------------------------------------------------
   • BTC   | Size: 0.0006 ($50.00) | APY: 2325.82% | Attiva da: 4.8h | Funding: +$0.6362
   • SOL   | Size: 0.4841 ($50.00) | APY: 1341.62% | Attiva da: 4.8h | Funding: +$0.3670
   • SAGA  | Size: 3291.6392 ($50.00) | APY: 2834.63% | Attiva da: 2.0h | Funding: +$0.3263
=================================================================
[2026-08-25 18:01:41] [INFO] [hyperliquid_bot.strategy.funding]: 📊 Opportunità Top: HYPE | APY: 1940.37% (Rate: 0.2215%/h) | Prezzo: $59.71
[2026-08-25 18:02:11] [INFO] [hyperliquid_bot.strategy.funding]: 📊 Opportunità Top: HYPE | APY: 1940.37% (Rate: 0.2215%/h) | Prezzo: $59.71
[2026-08-25 18:02:41] [INFO] [hyperliquid_bot.strategy.funding]: 📊 Opportunità Top: HYPE | APY: 1940.37% (Rate: 0.2215%/h) | Prezzo: $59.71
[2026-08-25 18:03:11] [INFO] [hyperliquid_bot.strategy.funding]: 📊 Opportunità Top: HYPE | APY: 1940.37% (Rate: 0.2215%/h) | Prezzo: $59.71
[2026-08-25 18:03:41] [INFO] [hyperliquid_bot.strategy.funding]: 📊 Opportunità Top: HYPE | APY: 1940.37% (Rate: 0.2215%/h) | Prezzo: $59.71
[2026-08-25 18:04:11] [INFO] [hyperliquid_bot.strategy.funding]: 📊 Opportunità Top: HYPE | APY: 1940.37% (Rate: 0.2215%/h) | Prezzo: $59.71
[2026-08-25 18:04:41] [INFO] [hyperliquid_bot.strategy.funding]: 📊 Opportunità Top: HYPE | APY: 1940.37% (Rate: 0.2215%/h) | Prezzo: $59.71
[2026-08-25 18:05:11] [INFO] [hyperliquid_bot.strategy.funding]: 📊 Opportunità Top: HYPE | APY: 1940.37% (Rate: 0.2215%/h) | Prezzo: $59.71
[2026-08-25 18:05:41] [INFO] [hyperliquid_bot.strategy.funding]: 📊 Opportunità Top: HYPE | APY: 1940.37% (Rate: 0.2215%/h) | Prezzo: $59.71
[2026-08-25 18:06:11] [INFO] [hyperliquid_bot.strategy.funding]: 📊 Opportunità Top: HYPE | APY: 1940.37% (Rate: 0.2215%/h) | Prezzo: $59.71
[2026-08-25 18:06:11] [INFO] [hyperliquid_bot.engine]: 
=================================================================
📊 [RESOCONTO GUADAGNI FUNDING ARBITRAGE]
   Capitale Allocato:        $150.00 (3 posizioni attive)
   Rendita Oraria Stimata:   +$0.3711/h (+$8.91/giorno)
   Funding Maturato Attuale: +$1.3605 USD
   Totale Guadagni Incassati:+$1.8876 USD
-----------------------------------------------------------------
   • BTC   | Size: 0.0006 ($50.00) | APY: 2325.82% | Attiva da: 4.9h | Funding: +$0.6473
   • SOL   | Size: 0.4841 ($50.00) | APY: 1341.62% | Attiva da: 4.9h | Funding: +$0.3734
   • SAGA  | Size: 3291.6392 ($50.00) | APY: 2834.63% | Attiva da: 2.1h | Funding: +$0.3398
=================================================================
[2026-08-25 18:06:41] [INFO] [hyperliquid_bot.strategy.funding]: 📊 Opportunità Top: HYPE | APY: 1940.37% (Rate: 0.2215%/h) | Prezzo: $59.71
[2026-08-25 18:07:11] [INFO] [hyperliquid_bot.strategy.funding]: 📊 Opportunità Top: HYPE | APY: 1940.37% (Rate: 0.2215%/h) | Prezzo: $59.71
[2026-08-25 18:07:41] [INFO] [hyperliquid_bot.strategy.funding]: 📊 Opportunità Top: HYPE | APY: 1940.37% (Rate: 0.2215%/h) | Prezzo: $59.71
[2026-08-25 18:08:11] [INFO] [hyperliquid_bot.strategy.funding]: 📊 Opportunità Top: HYPE | APY: 1940.37% (Rate: 0.2215%/h) | Prezzo: $59.71
[2026-08-25 18:08:41] [INFO] [hyperliquid_bot.strategy.funding]: 📊 Opportunità Top: HYPE | APY: 1940.37% (Rate: 0.2215%/h) | Prezzo: $59.71
[2026-08-25 18:09:11] [INFO] [hyperliquid_bot.strategy.funding]: 📊 Opportunità Top: HYPE | APY: 1940.37% (Rate: 0.2215%/h) | Prezzo: $59.71
[2026-08-25 18:09:41] [INFO] [hyperliquid_bot.strategy.funding]: 📊 Opportunità Top: HYPE | APY: 1940.37% (Rate: 0.2215%/h) | Prezzo: $59.71
[2026-08-25 18:10:11] [INFO] [hyperliquid_bot.strategy.funding]: 📊 Opportunità Top: HYPE | APY: 1940.37% (Rate: 0.2215%/h) | Prezzo: $59.71
[2026-08-25 18:10:41] [INFO] [hyperliquid_bot.strategy.funding]: 📊 Opportunità Top: HYPE | APY: 1940.37% (Rate: 0.2215%/h) | Prezzo: $59.71
[2026-08-25 18:11:11] [INFO] [hyperliquid_bot.strategy.funding]: 📊 Opportunità Top: HYPE | APY: 1940.37% (Rate: 0.2215%/h) | Prezzo: $59.71
[2026-08-25 18:11:41] [INFO] [hyperliquid_bot.strategy.funding]: 📊 Opportunità Top: HYPE | APY: 1937.69% (Rate: 0.2212%/h) | Prezzo: $50.16
[2026-08-25 18:11:41] [INFO] [hyperliquid_bot.engine]: 
=================================================================
📊 [RESOCONTO GUADAGNI FUNDING ARBITRAGE]
   Capitale Allocato:        $150.00 (3 posizioni attive)
   Rendita Oraria Stimata:   +$0.3711/h (+$8.91/giorno)
   Funding Maturato Attuale: +$1.3946 USD
   Totale Guadagni Incassati:+$1.9216 USD
-----------------------------------------------------------------
   • BTC   | Size: 0.0006 ($50.00) | APY: 2325.82% | Attiva da: 5.0h | Funding: +$0.6595
   • SOL   | Size: 0.4841 ($50.00) | APY: 1341.62% | Attiva da: 5.0h | Funding: +$0.3804
   • SAGA  | Size: 3291.6392 ($50.00) | APY: 2834.63% | Attiva da: 2.2h | Funding: +$0.3547
=================================================================
[2026-08-25 18:12:11] [INFO] [hyperliquid_bot.strategy.funding]: 📊 Opportunità Top: HYPE | APY: 1930.1% (Rate: 0.2203%/h) | Prezzo: $46.33
[2026-08-25 18:12:41] [INFO] [hyperliquid_bot.strategy.funding]: 📊 Opportunità Top: HYPE | APY: 1923.1% (Rate: 0.2195%/h) | Prezzo: $42.73
[2026-08-25 18:13:11] [INFO] [hyperliquid_bot.strategy.funding]: 📊 Opportunità Top: HYPE | APY: 1916.64% (Rate: 0.2188%/h) | Prezzo: $41.39
[2026-08-25 18:13:41] [INFO] [hyperliquid_bot.strategy.funding]: 📊 Opportunità Top: HYPE | APY: 1910.64% (Rate: 0.2181%/h) | Prezzo: $40.90
[2026-08-25 18:14:11] [INFO] [hyperliquid_bot.strategy.funding]: 📊 Opportunità Top: HYPE | APY: 1905.07% (Rate: 0.2175%/h) | Prezzo: $40.71
[2026-08-25 18:14:41] [INFO] [hyperliquid_bot.strategy.funding]: 📊 Opportunità Top: HYPE | APY: 1899.87% (Rate: 0.2169%/h) | Prezzo: $40.65
[2026-08-25 18:15:11] [INFO] [hyperliquid_bot.strategy.funding]: 📊 Opportunità Top: HYPE | APY: 1895.01% (Rate: 0.2163%/h) | Prezzo: $40.62
[2026-08-25 18:15:41] [INFO] [hyperliquid_bot.strategy.funding]: 📊 Opportunità Top: HYPE | APY: 1890.46% (Rate: 0.2158%/h) | Prezzo: $40.62
[2026-08-25 18:16:11] [INFO] [hyperliquid_bot.strategy.funding]: 📊 Opportunità Top: HYPE | APY: 1886.19% (Rate: 0.2153%/h) | Prezzo: $40.61
[2026-08-25 18:16:41] [INFO] [hyperliquid_bot.strategy.funding]: 📊 Opportunità Top: HYPE | APY: 1882.18% (Rate: 0.2149%/h) | Prezzo: $40.61
[2026-08-25 18:17:11] [INFO] [hyperliquid_bot.strategy.funding]: 📊 Opportunità Top: HYPE | APY: 1878.4% (Rate: 0.2144%/h) | Prezzo: $40.61
[2026-08-25 18:17:11] [INFO] [hyperliquid_bot.engine]: 
=================================================================
📊 [RESOCONTO GUADAGNI FUNDING ARBITRAGE]
   Capitale Allocato:        $150.00 (3 posizioni attive)
   Rendita Oraria Stimata:   +$0.3711/h (+$8.91/giorno)
   Funding Maturato Attuale: +$1.4286 USD
   Totale Guadagni Incassati:+$1.9556 USD
-----------------------------------------------------------------
   • BTC   | Size: 0.0006 ($50.00) | APY: 2325.82% | Attiva da: 5.1h | Funding: +$0.6717
   • SOL   | Size: 0.4841 ($50.00) | APY: 1341.62% | Attiva da: 5.1h | Funding: +$0.3874
   • SAGA  | Size: 3291.6392 ($50.00) | APY: 2834.63% | Attiva da: 2.3h | Funding: +$0.3695
=================================================================
[2026-08-25 18:17:41] [INFO] [hyperliquid_bot.strategy.funding]: 📊 Opportunità Top: HYPE | APY: 1874.83% (Rate: 0.2140%/h) | Prezzo: $40.61
[2026-08-25 18:18:11] [INFO] [hyperliquid_bot.strategy.funding]: 📊 Opportunità Top: HYPE | APY: 1871.46% (Rate: 0.2136%/h) | Prezzo: $40.61
[2026-08-25 18:18:41] [INFO] [hyperliquid_bot.strategy.funding]: 📊 Opportunità Top: HYPE | APY: 1868.26% (Rate: 0.2133%/h) | Prezzo: $40.61
[2026-08-25 18:19:11] [INFO] [hyperliquid_bot.strategy.funding]: 📊 Opportunità Top: HYPE | APY: 1865.24% (Rate: 0.2129%/h) | Prezzo: $40.61
[2026-08-25 18:19:41] [INFO] [hyperliquid_bot.strategy.funding]: 📊 Opportunità Top: HYPE | APY: 1862.36% (Rate: 0.2126%/h) | Prezzo: $40.61
[2026-08-25 18:20:11] [INFO] [hyperliquid_bot.strategy.funding]: 📊 Opportunità Top: HYPE | APY: 1859.63% (Rate: 0.2123%/h) | Prezzo: $40.61
[2026-08-25 18:20:41] [INFO] [hyperliquid_bot.strategy.funding]: 📊 Opportunità Top: HYPE | APY: 1857.03% (Rate: 0.2120%/h) | Prezzo: $40.61
[2026-08-25 18:21:11] [INFO] [hyperliquid_bot.strategy.funding]: 📊 Opportunità Top: HYPE | APY: 1854.55% (Rate: 0.2117%/h) | Prezzo: $40.61
[2026-08-25 18:21:41] [INFO] [hyperliquid_bot.strategy.funding]: 📊 Opportunità Top: HYPE | APY: 1852.19% (Rate: 0.2114%/h) | Prezzo: $40.61
[2026-08-25 18:22:11] [INFO] [hyperliquid_bot.strategy.funding]: 📊 Opportunità Top: HYPE | APY: 1849.93% (Rate: 0.2112%/h) | Prezzo: $40.61
[2026-08-25 18:22:41] [INFO] [hyperliquid_bot.strategy.funding]: 📊 Opportunità Top: HYPE | APY: 1847.77% (Rate: 0.2109%/h) | Prezzo: $40.61
[2026-08-25 18:22:41] [INFO] [hyperliquid_bot.engine]: 
=================================================================
📊 [RESOCONTO GUADAGNI FUNDING ARBITRAGE]
   Capitale Allocato:        $150.00 (3 posizioni attive)
   Rendita Oraria Stimata:   +$0.3711/h (+$8.91/giorno)
   Funding Maturato Attuale: +$1.4626 USD
   Totale Guadagni Incassati:+$1.9896 USD
-----------------------------------------------------------------
   • BTC   | Size: 0.0006 ($50.00) | APY: 2325.82% | Attiva da: 5.2h | Funding: +$0.6838
   • SOL   | Size: 0.4841 ($50.00) | APY: 1341.62% | Attiva da: 5.2h | Funding: +$0.3945
   • SAGA  | Size: 3291.6392 ($50.00) | APY: 2834.63% | Attiva da: 2.4h | Funding: +$0.3843
=================================================================
[2026-08-25 18:23:11] [INFO] [hyperliquid_bot.strategy.funding]: 📊 Opportunità Top: HYPE | APY: 1845.71% (Rate: 0.2107%/h) | Prezzo: $40.61
[2026-08-25 18:23:41] [INFO] [hyperliquid_bot.strategy.funding]: 📊 Opportunità Top: HYPE | APY: 1843.73% (Rate: 0.2105%/h) | Prezzo: $40.61
[2026-08-25 18:24:11] [INFO] [hyperliquid_bot.strategy.funding]: 📊 Opportunità Top: HYPE | APY: 1841.83% (Rate: 0.2103%/h) | Prezzo: $40.61
[2026-08-25 18:24:41] [INFO] [hyperliquid_bot.strategy.funding]: 📊 Opportunità Top: HYPE | APY: 1840.01% (Rate: 0.2100%/h) | Prezzo: $40.61
[2026-08-25 18:25:11] [INFO] [hyperliquid_bot.strategy.funding]: 📊 Opportunità Top: HYPE | APY: 1838.27% (Rate: 0.2098%/h) | Prezzo: $40.61
[2026-08-25 18:25:41] [INFO] [hyperliquid_bot.strategy.funding]: 📊 Opportunità Top: SAGA | APY: 1839.0% (Rate: 0.2099%/h) | Prezzo: $0.02
[2026-08-25 18:26:11] [INFO] [hyperliquid_bot.strategy.funding]: 📊 Opportunità Top: SAGA | APY: 1843.58% (Rate: 0.2105%/h) | Prezzo: $0.02
[2026-08-25 18:26:41] [INFO] [hyperliquid_bot.strategy.funding]: 📊 Opportunità Top: SAGA | APY: 1849.85% (Rate: 0.2112%/h) | Prezzo: $0.02
[2026-08-25 18:27:11] [INFO] [hyperliquid_bot.strategy.funding]: 📊 Opportunità Top: SAGA | APY: 1856.82% (Rate: 0.2120%/h) | Prezzo: $0.02
[2026-08-25 18:27:41] [INFO] [hyperliquid_bot.strategy.funding]: 📊 Opportunità Top: SAGA | APY: 1862.41% (Rate: 0.2126%/h) | Prezzo: $0.02
[2026-08-25 18:27:41] [INFO] [hyperliquid_bot.engine]: 
=================================================================
📊 [RESOCONTO GUADAGNI FUNDING ARBITRAGE]
   Capitale Allocato:        $150.00 (3 posizioni attive)
   Rendita Oraria Stimata:   +$0.3711/h (+$8.91/giorno)
   Funding Maturato Attuale: +$1.4936 USD
   Totale Guadagni Incassati:+$2.0206 USD
-----------------------------------------------------------------
   • BTC   | Size: 0.0006 ($50.00) | APY: 2325.82% | Attiva da: 5.2h | Funding: +$0.6949
   • SOL   | Size: 0.4841 ($50.00) | APY: 1341.62% | Attiva da: 5.2h | Funding: +$0.4008
   • SAGA  | Size: 3291.6392 ($50.00) | APY: 2834.63% | Attiva da: 2.5h | Funding: +$0.3978
=================================================================
[2026-08-25 18:28:11] [INFO] [hyperliquid_bot.strategy.funding]: 📊 Opportunità Top: SAGA | APY: 1867.58% (Rate: 0.2132%/h) | Prezzo: $0.02
[2026-08-25 18:28:42] [INFO] [hyperliquid_bot.strategy.funding]: 📊 Opportunità Top: SAGA | APY: 1872.57% (Rate: 0.2138%/h) | Prezzo: $0.02
[2026-08-25 18:29:11] [INFO] [hyperliquid_bot.strategy.funding]: 📊 Opportunità Top: SAGA | APY: 1877.38% (Rate: 0.2143%/h) | Prezzo: $0.02
[2026-08-25 18:29:41] [INFO] [hyperliquid_bot.strategy.funding]: 📊 Opportunità Top: SAGA | APY: 1882.04% (Rate: 0.2148%/h) | Prezzo: $0.02
[2026-08-25 18:30:12] [INFO] [hyperliquid_bot.strategy.funding]: 📊 Opportunità Top: SAGA | APY: 1885.92% (Rate: 0.2153%/h) | Prezzo: $0.02
[2026-08-25 18:30:41] [INFO] [hyperliquid_bot.strategy.funding]: 📊 Opportunità Top: SAGA | APY: 1887.85% (Rate: 0.2155%/h) | Prezzo: $0.02
[2026-08-25 18:31:11] [INFO] [hyperliquid_bot.strategy.funding]: 📊 Opportunità Top: SAGA | APY: 1890.71% (Rate: 0.2158%/h) | Prezzo: $0.02
[2026-08-25 18:31:42] [INFO] [hyperliquid_bot.strategy.funding]: 📊 Opportunità Top: SAGA | APY: 1891.71% (Rate: 0.2159%/h) | Prezzo: $0.02
[2026-08-25 18:32:11] [INFO] [hyperliquid_bot.strategy.funding]: 📊 Opportunità Top: SAGA | APY: 1892.11% (Rate: 0.2160%/h) | Prezzo: $0.02
[2026-08-25 18:32:42] [INFO] [hyperliquid_bot.strategy.funding]: 📊 Opportunità Top: SAGA | APY: 1890.21% (Rate: 0.2158%/h) | Prezzo: $0.02
[2026-08-25 18:33:12] [INFO] [hyperliquid_bot.strategy.funding]: 📊 Opportunità Top: SAGA | APY: 1887.8% (Rate: 0.2155%/h) | Prezzo: $0.02
[2026-08-25 18:33:12] [INFO] [hyperliquid_bot.engine]: 
=================================================================
📊 [RESOCONTO GUADAGNI FUNDING ARBITRAGE]
   Capitale Allocato:        $150.00 (3 posizioni attive)
   Rendita Oraria Stimata:   +$0.3711/h (+$8.91/giorno)
   Funding Maturato Attuale: +$1.5276 USD
   Totale Guadagni Incassati:+$2.0546 USD
-----------------------------------------------------------------
   • BTC   | Size: 0.0006 ($50.00) | APY: 2325.82% | Attiva da: 5.3h | Funding: +$0.7071
   • SOL   | Size: 0.4841 ($50.00) | APY: 1341.62% | Attiva da: 5.3h | Funding: +$0.4079
   • SAGA  | Size: 3291.6392 ($50.00) | APY: 2834.63% | Attiva da: 2.6h | Funding: +$0.4127
=================================================================
[2026-08-25 18:33:42] [INFO] [hyperliquid_bot.strategy.funding]: 📊 Opportunità Top: SAGA | APY: 1885.47% (Rate: 0.2152%/h) | Prezzo: $0.02
[2026-08-25 18:34:12] [INFO] [hyperliquid_bot.strategy.funding]: 📊 Opportunità Top: SAGA | APY: 1884.29% (Rate: 0.2151%/h) | Prezzo: $0.02
[2026-08-25 18:34:41] [INFO] [hyperliquid_bot.strategy.funding]: 📊 Opportunità Top: SAGA | APY: 1882.79% (Rate: 0.2149%/h) | Prezzo: $0.02
[2026-08-25 18:35:11] [INFO] [hyperliquid_bot.strategy.funding]: 📊 Opportunità Top: SAGA | APY: 1881.86% (Rate: 0.2148%/h) | Prezzo: $0.02
[2026-08-25 18:35:41] [INFO] [hyperliquid_bot.strategy.funding]: 📊 Opportunità Top: SAGA | APY: 1880.61% (Rate: 0.2147%/h) | Prezzo: $0.02
[2026-08-25 18:36:11] [INFO] [hyperliquid_bot.strategy.funding]: 📊 Opportunità Top: SAGA | APY: 1879.91% (Rate: 0.2146%/h) | Prezzo: $0.02
[2026-08-25 18:36:42] [INFO] [hyperliquid_bot.strategy.funding]: 📊 Opportunità Top: SAGA | APY: 1879.74% (Rate: 0.2146%/h) | Prezzo: $0.02
[2026-08-25 18:37:12] [INFO] [hyperliquid_bot.strategy.funding]: 📊 Opportunità Top: SAGA | APY: 1878.4% (Rate: 0.2144%/h) | Prezzo: $0.02
[2026-08-25 18:37:42] [INFO] [hyperliquid_bot.strategy.funding]: 📊 Opportunità Top: SAGA | APY: 1877.59% (Rate: 0.2143%/h) | Prezzo: $0.02
[2026-08-25 18:38:11] [INFO] [hyperliquid_bot.strategy.funding]: 📊 Opportunità Top: SAGA | APY: 1877.13% (Rate: 0.2143%/h) | Prezzo: $0.02
[2026-08-25 18:38:41] [INFO] [hyperliquid_bot.strategy.funding]: 📊 Opportunità Top: SAGA | APY: 1876.2% (Rate: 0.2142%/h) | Prezzo: $0.02
[2026-08-25 18:38:41] [INFO] [hyperliquid_bot.engine]: 
=================================================================
📊 [RESOCONTO GUADAGNI FUNDING ARBITRAGE]
   Capitale Allocato:        $150.00 (3 posizioni attive)
   Rendita Oraria Stimata:   +$0.3711/h (+$8.91/giorno)
   Funding Maturato Attuale: +$1.5616 USD
   Totale Guadagni Incassati:+$2.0886 USD
-----------------------------------------------------------------
   • BTC   | Size: 0.0006 ($50.00) | APY: 2325.82% | Attiva da: 5.4h | Funding: +$0.7192
   • SOL   | Size: 0.4841 ($50.00) | APY: 1341.62% | Attiva da: 5.4h | Funding: +$0.4149
   • SAGA  | Size: 3291.6392 ($50.00) | APY: 2834.63% | Attiva da: 2.6h | Funding: +$0.4275
=================================================================
[2026-08-25 18:39:12] [INFO] [hyperliquid_bot.strategy.funding]: 📊 Opportunità Top: SAGA | APY: 1874.03% (Rate: 0.2139%/h) | Prezzo: $0.02
[2026-08-25 18:39:41] [INFO] [hyperliquid_bot.strategy.funding]: 📊 Opportunità Top: SAGA | APY: 1871.13% (Rate: 0.2136%/h) | Prezzo: $0.02
[2026-08-25 18:40:12] [INFO] [hyperliquid_bot.strategy.funding]: 📊 Opportunità Top: SAGA | APY: 1868.14% (Rate: 0.2133%/h) | Prezzo: $0.02
[2026-08-25 18:40:41] [INFO] [hyperliquid_bot.strategy.funding]: 📊 Opportunità Top: SAGA | APY: 1865.23% (Rate: 0.2129%/h) | Prezzo: $0.02
[2026-08-25 18:41:12] [INFO] [hyperliquid_bot.strategy.funding]: 📊 Opportunità Top: SAGA | APY: 1862.39% (Rate: 0.2126%/h) | Prezzo: $0.02
[2026-08-25 18:41:41] [INFO] [hyperliquid_bot.strategy.funding]: 📊 Opportunità Top: SAGA | APY: 1859.62% (Rate: 0.2123%/h) | Prezzo: $0.02
[2026-08-25 18:42:11] [INFO] [hyperliquid_bot.strategy.funding]: 📊 Opportunità Top: SAGA | APY: 1856.92% (Rate: 0.2120%/h) | Prezzo: $0.02
[2026-08-25 18:42:41] [INFO] [hyperliquid_bot.strategy.funding]: 📊 Opportunità Top: SAGA | APY: 1854.27% (Rate: 0.2117%/h) | Prezzo: $0.02
[2026-08-25 18:43:12] [INFO] [hyperliquid_bot.strategy.funding]: 📊 Opportunità Top: SAGA | APY: 1851.55% (Rate: 0.2114%/h) | Prezzo: $0.02
[2026-08-25 18:43:41] [INFO] [hyperliquid_bot.strategy.funding]: 📊 Opportunità Top: SAGA | APY: 1848.18% (Rate: 0.2110%/h) | Prezzo: $0.02
[2026-08-25 18:43:41] [INFO] [hyperliquid_bot.engine]: 
=================================================================
📊 [RESOCONTO GUADAGNI FUNDING ARBITRAGE]
   Capitale Allocato:        $150.00 (3 posizioni attive)
   Rendita Oraria Stimata:   +$0.3711/h (+$8.91/giorno)
   Funding Maturato Attuale: +$1.5925 USD
   Totale Guadagni Incassati:+$2.1195 USD
-----------------------------------------------------------------
   • BTC   | Size: 0.0006 ($50.00) | APY: 2325.82% | Attiva da: 5.5h | Funding: +$0.7303
   • SOL   | Size: 0.4841 ($50.00) | APY: 1341.62% | Attiva da: 5.5h | Funding: +$0.4213
   • SAGA  | Size: 3291.6392 ($50.00) | APY: 2834.63% | Attiva da: 2.7h | Funding: +$0.4410
=================================================================
[2026-08-25 18:44:11] [INFO] [hyperliquid_bot.strategy.funding]: 📊 Opportunità Top: SAGA | APY: 1844.88% (Rate: 0.2106%/h) | Prezzo: $0.02
[2026-08-25 18:44:42] [INFO] [hyperliquid_bot.strategy.funding]: 📊 Opportunità Top: SAGA | APY: 1843.05% (Rate: 0.2104%/h) | Prezzo: $0.02
[2026-08-25 18:45:12] [INFO] [hyperliquid_bot.strategy.funding]: 📊 Opportunità Top: SAGA | APY: 1842.63% (Rate: 0.2103%/h) | Prezzo: $0.02
[2026-08-25 18:45:41] [INFO] [hyperliquid_bot.strategy.funding]: 📊 Opportunità Top: SAGA | APY: 1842.76% (Rate: 0.2104%/h) | Prezzo: $0.02
[2026-08-25 18:46:12] [INFO] [hyperliquid_bot.strategy.funding]: 📊 Opportunità Top: SAGA | APY: 1841.28% (Rate: 0.2102%/h) | Prezzo: $0.02
[2026-08-25 18:46:42] [INFO] [hyperliquid_bot.strategy.funding]: 📊 Opportunità Top: SAGA | APY: 1839.03% (Rate: 0.2099%/h) | Prezzo: $0.02
[2026-08-25 18:47:12] [INFO] [hyperliquid_bot.strategy.funding]: 📊 Opportunità Top: SAGA | APY: 1836.83% (Rate: 0.2097%/h) | Prezzo: $0.02
[2026-08-25 18:47:41] [INFO] [hyperliquid_bot.strategy.funding]: 📊 Opportunità Top: SAGA | APY: 1834.67% (Rate: 0.2094%/h) | Prezzo: $0.02
[2026-08-25 18:48:12] [INFO] [hyperliquid_bot.strategy.funding]: 📊 Opportunità Top: SAGA | APY: 1832.56% (Rate: 0.2092%/h) | Prezzo: $0.02
[2026-08-25 18:48:42] [INFO] [hyperliquid_bot.strategy.funding]: 📊 Opportunità Top: SAGA | APY: 1830.11% (Rate: 0.2089%/h) | Prezzo: $0.02
[2026-08-25 18:48:42] [INFO] [hyperliquid_bot.engine]: 
=================================================================
📊 [RESOCONTO GUADAGNI FUNDING ARBITRAGE]
   Capitale Allocato:        $150.00 (3 posizioni attive)
   Rendita Oraria Stimata:   +$0.3711/h (+$8.91/giorno)
   Funding Maturato Attuale: +$1.6235 USD
   Totale Guadagni Incassati:+$2.1505 USD
-----------------------------------------------------------------
   • BTC   | Size: 0.0006 ($50.00) | APY: 2325.82% | Attiva da: 5.6h | Funding: +$0.7414
   • SOL   | Size: 0.4841 ($50.00) | APY: 1341.62% | Attiva da: 5.6h | Funding: +$0.4277
   • SAGA  | Size: 3291.6392 ($50.00) | APY: 2834.63% | Attiva da: 2.8h | Funding: +$0.4545
=================================================================
[2026-08-25 18:49:12] [INFO] [hyperliquid_bot.strategy.funding]: 📊 Opportunità Top: SAGA | APY: 1827.08% (Rate: 0.2086%/h) | Prezzo: $0.02
[2026-08-25 18:49:42] [INFO] [hyperliquid_bot.strategy.funding]: 📊 Opportunità Top: SAGA | APY: 1823.0% (Rate: 0.2081%/h) | Prezzo: $0.02
[2026-08-25 18:50:12] [INFO] [hyperliquid_bot.strategy.funding]: 📊 Opportunità Top: SAGA | APY: 1819.61% (Rate: 0.2077%/h) | Prezzo: $0.02
[2026-08-25 18:50:42] [INFO] [hyperliquid_bot.strategy.funding]: 📊 Opportunità Top: SAGA | APY: 1816.28% (Rate: 0.2073%/h) | Prezzo: $0.02
[2026-08-25 18:51:12] [INFO] [hyperliquid_bot.strategy.funding]: 📊 Opportunità Top: SAGA | APY: 1813.03% (Rate: 0.2070%/h) | Prezzo: $0.02
[2026-08-25 18:51:41] [INFO] [hyperliquid_bot.strategy.funding]: 📊 Opportunità Top: SAGA | APY: 1809.83% (Rate: 0.2066%/h) | Prezzo: $0.02
[2026-08-25 18:52:12] [INFO] [hyperliquid_bot.strategy.funding]: 📊 Opportunità Top: SAGA | APY: 1806.82% (Rate: 0.2063%/h) | Prezzo: $0.02
[2026-08-25 18:52:42] [INFO] [hyperliquid_bot.strategy.funding]: 📊 Opportunità Top: SAGA | APY: 1804.45% (Rate: 0.2060%/h) | Prezzo: $0.02
[2026-08-25 18:53:12] [INFO] [hyperliquid_bot.strategy.funding]: 📊 Opportunità Top: SAGA | APY: 1802.23% (Rate: 0.2057%/h) | Prezzo: $0.02
[2026-08-25 18:53:42] [INFO] [hyperliquid_bot.strategy.funding]: 📊 Opportunità Top: SAGA | APY: 1800.64% (Rate: 0.2056%/h) | Prezzo: $0.02
[2026-08-25 18:54:11] [INFO] [hyperliquid_bot.strategy.funding]: 📊 Opportunità Top: SAGA | APY: 1799.76% (Rate: 0.2055%/h) | Prezzo: $0.02
[2026-08-25 18:54:11] [INFO] [hyperliquid_bot.engine]: 
=================================================================
📊 [RESOCONTO GUADAGNI FUNDING ARBITRAGE]
   Capitale Allocato:        $150.00 (3 posizioni attive)
   Rendita Oraria Stimata:   +$0.3711/h (+$8.91/giorno)
   Funding Maturato Attuale: +$1.6575 USD
   Totale Guadagni Incassati:+$2.1845 USD
-----------------------------------------------------------------
   • BTC   | Size: 0.0006 ($50.00) | APY: 2325.82% | Attiva da: 5.7h | Funding: +$0.7535
   • SOL   | Size: 0.4841 ($50.00) | APY: 1341.62% | Attiva da: 5.7h | Funding: +$0.4347
   • SAGA  | Size: 3291.6392 ($50.00) | APY: 2834.63% | Attiva da: 2.9h | Funding: +$0.4693
=================================================================
[2026-08-25 18:54:42] [INFO] [hyperliquid_bot.strategy.funding]: 📊 Opportunità Top: SAGA | APY: 1798.9% (Rate: 0.2054%/h) | Prezzo: $0.02
[2026-08-25 18:55:12] [INFO] [hyperliquid_bot.strategy.funding]: 📊 Opportunità Top: SAGA | APY: 1798.17% (Rate: 0.2053%/h) | Prezzo: $0.02
[2026-08-25 18:55:42] [INFO] [hyperliquid_bot.strategy.funding]: 📊 Opportunità Top: SAGA | APY: 1797.34% (Rate: 0.2052%/h) | Prezzo: $0.02
[2026-08-25 18:56:12] [INFO] [hyperliquid_bot.strategy.funding]: 📊 Opportunità Top: SAGA | APY: 1797.41% (Rate: 0.2052%/h) | Prezzo: $0.02
[2026-08-25 18:56:42] [INFO] [hyperliquid_bot.strategy.funding]: 📊 Opportunità Top: SAGA | APY: 1798.02% (Rate: 0.2053%/h) | Prezzo: $0.02
[2026-08-25 18:57:12] [INFO] [hyperliquid_bot.strategy.funding]: 📊 Opportunità Top: SAGA | APY: 1798.73% (Rate: 0.2053%/h) | Prezzo: $0.02
[2026-08-25 18:57:42] [INFO] [hyperliquid_bot.strategy.funding]: 📊 Opportunità Top: SAGA | APY: 1798.57% (Rate: 0.2053%/h) | Prezzo: $0.02
[2026-08-25 18:58:12] [INFO] [hyperliquid_bot.strategy.funding]: 📊 Opportunità Top: SAGA | APY: 1798.2% (Rate: 0.2053%/h) | Prezzo: $0.02
[2026-08-25 18:58:42] [INFO] [hyperliquid_bot.strategy.funding]: 📊 Opportunità Top: SAGA | APY: 1798.68% (Rate: 0.2053%/h) | Prezzo: $0.02
[2026-08-25 18:59:12] [INFO] [hyperliquid_bot.strategy.funding]: 📊 Opportunità Top: SAGA | APY: 1799.26% (Rate: 0.2054%/h) | Prezzo: $0.02
[2026-08-25 18:59:12] [INFO] [hyperliquid_bot.engine]: 
=================================================================
📊 [RESOCONTO GUADAGNI FUNDING ARBITRAGE]
   Capitale Allocato:        $150.00 (3 posizioni attive)
   Rendita Oraria Stimata:   +$0.3711/h (+$8.91/giorno)
   Funding Maturato Attuale: +$1.6885 USD
   Totale Guadagni Incassati:+$2.2155 USD
-----------------------------------------------------------------
   • BTC   | Size: 0.0006 ($50.00) | APY: 2325.82% | Attiva da: 5.8h | Funding: +$0.7646
   • SOL   | Size: 0.4841 ($50.00) | APY: 1341.62% | Attiva da: 5.8h | Funding: +$0.4411
   • SAGA  | Size: 3291.6392 ($50.00) | APY: 2834.63% | Attiva da: 3.0h | Funding: +$0.4828
=================================================================
[2026-08-25 18:59:42] [INFO] [hyperliquid_bot.strategy.funding]: 📊 Opportunità Top: SAGA | APY: 1800.35% (Rate: 0.2055%/h) | Prezzo: $0.02
[2026-08-25 19:00:12] [INFO] [hyperliquid_bot.strategy.funding]: 📊 Opportunità Top: SAGA | APY: 1929.48% (Rate: 0.2203%/h) | Prezzo: $0.02
[2026-08-25 19:00:42] [INFO] [hyperliquid_bot.strategy.funding]: 📊 Opportunità Top: SAGA | APY: 1937.8% (Rate: 0.2212%/h) | Prezzo: $0.02
[2026-08-25 19:01:12] [INFO] [hyperliquid_bot.strategy.funding]: 📊 Opportunità Top: SAGA | APY: 1944.45% (Rate: 0.2220%/h) | Prezzo: $0.02
[2026-08-25 19:01:42] [INFO] [hyperliquid_bot.strategy.funding]: 📊 Opportunità Top: SAGA | APY: 1911.71% (Rate: 0.2182%/h) | Prezzo: $0.02
[2026-08-25 19:02:12] [INFO] [hyperliquid_bot.strategy.funding]: 📊 Opportunità Top: SAGA | APY: 1890.74% (Rate: 0.2158%/h) | Prezzo: $0.02
[2026-08-25 19:02:42] [INFO] [hyperliquid_bot.strategy.funding]: 📊 Opportunità Top: SAGA | APY: 1881.94% (Rate: 0.2148%/h) | Prezzo: $0.02
[2026-08-25 19:03:12] [INFO] [hyperliquid_bot.strategy.funding]: 📊 Opportunità Top: SAGA | APY: 1889.26% (Rate: 0.2157%/h) | Prezzo: $0.02
[2026-08-25 19:03:42] [INFO] [hyperliquid_bot.strategy.funding]: 📊 Opportunità Top: SAGA | APY: 1901.28% (Rate: 0.2170%/h) | Prezzo: $0.02
[2026-08-25 19:04:12] [INFO] [hyperliquid_bot.strategy.funding]: 📊 Opportunità Top: SAGA | APY: 1920.75% (Rate: 0.2193%/h) | Prezzo: $0.02
[2026-08-25 19:04:42] [INFO] [hyperliquid_bot.strategy.funding]: 📊 Opportunità Top: SAGA | APY: 1938.76% (Rate: 0.2213%/h) | Prezzo: $0.02
[2026-08-25 19:04:42] [INFO] [hyperliquid_bot.engine]: 
=================================================================
📊 [RESOCONTO GUADAGNI FUNDING ARBITRAGE]
   Capitale Allocato:        $150.00 (3 posizioni attive)
   Rendita Oraria Stimata:   +$0.3711/h (+$8.91/giorno)
   Funding Maturato Attuale: +$1.7224 USD
   Totale Guadagni Incassati:+$2.2494 USD
-----------------------------------------------------------------
   • BTC   | Size: 0.0006 ($50.00) | APY: 2325.82% | Attiva da: 5.9h | Funding: +$0.7768
   • SOL   | Size: 0.4841 ($50.00) | APY: 1341.62% | Attiva da: 5.9h | Funding: +$0.4481
   • SAGA  | Size: 3291.6392 ($50.00) | APY: 2834.63% | Attiva da: 3.1h | Funding: +$0.4976
=================================================================
[2026-08-25 19:05:12] [INFO] [hyperliquid_bot.strategy.funding]: 📊 Opportunità Top: SAGA | APY: 1962.88% (Rate: 0.2241%/h) | Prezzo: $0.02
[2026-08-25 19:05:42] [INFO] [hyperliquid_bot.strategy.funding]: 📊 Opportunità Top: SAGA | APY: 1971.93% (Rate: 0.2251%/h) | Prezzo: $0.02
[2026-08-25 19:06:12] [INFO] [hyperliquid_bot.strategy.funding]: 📊 Opportunità Top: SAGA | APY: 1970.53% (Rate: 0.2249%/h) | Prezzo: $0.02
[2026-08-25 19:06:42] [INFO] [hyperliquid_bot.strategy.funding]: 📊 Opportunità Top: SAGA | APY: 1973.96% (Rate: 0.2253%/h) | Prezzo: $0.02
[2026-08-25 19:07:12] [INFO] [hyperliquid_bot.strategy.funding]: 📊 Opportunità Top: SAGA | APY: 1976.06% (Rate: 0.2256%/h) | Prezzo: $0.02
[2026-08-25 19:07:42] [INFO] [hyperliquid_bot.strategy.funding]: 📊 Opportunità Top: SAGA | APY: 1977.88% (Rate: 0.2258%/h) | Prezzo: $0.02
[2026-08-25 19:08:12] [INFO] [hyperliquid_bot.strategy.funding]: 📊 Opportunità Top: SAGA | APY: 1981.0% (Rate: 0.2261%/h) | Prezzo: $0.02
[2026-08-25 19:08:42] [INFO] [hyperliquid_bot.strategy.funding]: 📊 Opportunità Top: SAGA | APY: 1991.63% (Rate: 0.2274%/h) | Prezzo: $0.02
[2026-08-25 19:09:12] [INFO] [hyperliquid_bot.strategy.funding]: 📊 Opportunità Top: SAGA | APY: 2013.32% (Rate: 0.2298%/h) | Prezzo: $0.02
[2026-08-25 19:09:42] [INFO] [hyperliquid_bot.strategy.funding]: 📊 Opportunità Top: SAGA | APY: 2042.47% (Rate: 0.2332%/h) | Prezzo: $0.02
[2026-08-25 19:09:42] [INFO] [hyperliquid_bot.engine]: 
=================================================================
📊 [RESOCONTO GUADAGNI FUNDING ARBITRAGE]
   Capitale Allocato:        $150.00 (3 posizioni attive)
   Rendita Oraria Stimata:   +$0.3711/h (+$8.91/giorno)
   Funding Maturato Attuale: +$1.7534 USD
   Totale Guadagni Incassati:+$2.2804 USD
-----------------------------------------------------------------
   • BTC   | Size: 0.0006 ($50.00) | APY: 2325.82% | Attiva da: 5.9h | Funding: +$0.7878
   • SOL   | Size: 0.4841 ($50.00) | APY: 1341.62% | Attiva da: 5.9h | Funding: +$0.4545
   • SAGA  | Size: 3291.6392 ($50.00) | APY: 2834.63% | Attiva da: 3.2h | Funding: +$0.5111
=================================================================
[2026-08-25 19:10:12] [INFO] [hyperliquid_bot.strategy.funding]: 📊 Opportunità Top: SAGA | APY: 2062.63% (Rate: 0.2355%/h) | Prezzo: $0.02
[2026-08-25 19:10:42] [INFO] [hyperliquid_bot.strategy.funding]: 📊 Opportunità Top: SAGA | APY: 2081.5% (Rate: 0.2376%/h) | Prezzo: $0.02
[2026-08-25 19:11:12] [INFO] [hyperliquid_bot.strategy.funding]: 📊 Opportunità Top: SAGA | APY: 2109.91% (Rate: 0.2409%/h) | Prezzo: $0.02
[2026-08-25 19:11:42] [INFO] [hyperliquid_bot.strategy.funding]: 📊 Opportunità Top: SAGA | APY: 2137.51% (Rate: 0.2440%/h) | Prezzo: $0.02
[2026-08-25 19:12:12] [INFO] [hyperliquid_bot.strategy.funding]: 📊 Opportunità Top: SAGA | APY: 2164.93% (Rate: 0.2471%/h) | Prezzo: $0.02
[2026-08-25 19:12:42] [INFO] [hyperliquid_bot.strategy.funding]: 📊 Opportunità Top: SAGA | APY: 2187.72% (Rate: 0.2497%/h) | Prezzo: $0.02
[2026-08-25 19:13:12] [INFO] [hyperliquid_bot.strategy.funding]: 📊 Opportunità Top: SAGA | APY: 2199.26% (Rate: 0.2511%/h) | Prezzo: $0.02
[2026-08-25 19:13:42] [INFO] [hyperliquid_bot.strategy.funding]: 📊 Opportunità Top: SAGA | APY: 2205.38% (Rate: 0.2518%/h) | Prezzo: $0.02
[2026-08-25 19:14:12] [INFO] [hyperliquid_bot.strategy.funding]: 📊 Opportunità Top: SAGA | APY: 2211.96% (Rate: 0.2525%/h) | Prezzo: $0.02
[2026-08-25 19:14:42] [INFO] [hyperliquid_bot.strategy.funding]: 📊 Opportunità Top: SAGA | APY: 2216.81% (Rate: 0.2531%/h) | Prezzo: $0.02
[2026-08-25 19:15:12] [INFO] [hyperliquid_bot.strategy.funding]: 📊 Opportunità Top: SAGA | APY: 2222.17% (Rate: 0.2537%/h) | Prezzo: $0.02
[2026-08-25 19:15:12] [INFO] [hyperliquid_bot.engine]: 
=================================================================
📊 [RESOCONTO GUADAGNI FUNDING ARBITRAGE]
   Capitale Allocato:        $150.00 (3 posizioni attive)
   Rendita Oraria Stimata:   +$0.3711/h (+$8.91/giorno)
   Funding Maturato Attuale: +$1.7874 USD
   Totale Guadagni Incassati:+$2.3144 USD
-----------------------------------------------------------------
   • BTC   | Size: 0.0006 ($50.00) | APY: 2325.82% | Attiva da: 6.0h | Funding: +$0.8000
   • SOL   | Size: 0.4841 ($50.00) | APY: 1341.62% | Attiva da: 6.0h | Funding: +$0.4615
   • SAGA  | Size: 3291.6392 ($50.00) | APY: 2834.63% | Attiva da: 3.3h | Funding: +$0.5259
=================================================================
[2026-08-25 19:15:42] [INFO] [hyperliquid_bot.strategy.funding]: 📊 Opportunità Top: SAGA | APY: 2227.19% (Rate: 0.2542%/h) | Prezzo: $0.02
[2026-08-25 19:16:12] [INFO] [hyperliquid_bot.strategy.funding]: 📊 Opportunità Top: SAGA | APY: 2231.9% (Rate: 0.2548%/h) | Prezzo: $0.02
[2026-08-25 19:16:42] [INFO] [hyperliquid_bot.strategy.funding]: 📊 Opportunità Top: SAGA | APY: 2235.95% (Rate: 0.2552%/h) | Prezzo: $0.02
[2026-08-25 19:17:12] [INFO] [hyperliquid_bot.strategy.funding]: 📊 Opportunità Top: SAGA | APY: 2240.13% (Rate: 0.2557%/h) | Prezzo: $0.02
[2026-08-25 19:17:42] [INFO] [hyperliquid_bot.strategy.funding]: 📊 Opportunità Top: SAGA | APY: 2244.08% (Rate: 0.2562%/h) | Prezzo: $0.02
[2026-08-25 19:18:12] [INFO] [hyperliquid_bot.strategy.funding]: 📊 Opportunità Top: SAGA | APY: 2245.74% (Rate: 0.2564%/h) | Prezzo: $0.02
[2026-08-25 19:18:42] [INFO] [hyperliquid_bot.strategy.funding]: 📊 Opportunità Top: SAGA | APY: 2247.32% (Rate: 0.2565%/h) | Prezzo: $0.02
[2026-08-25 19:19:12] [INFO] [hyperliquid_bot.strategy.funding]: 📊 Opportunità Top: SAGA | APY: 2248.81% (Rate: 0.2567%/h) | Prezzo: $0.02
[2026-08-25 19:19:42] [INFO] [hyperliquid_bot.strategy.funding]: 📊 Opportunità Top: SAGA | APY: 2248.64% (Rate: 0.2567%/h) | Prezzo: $0.02
[2026-08-25 19:20:12] [INFO] [hyperliquid_bot.strategy.funding]: 📊 Opportunità Top: SAGA | APY: 2248.17% (Rate: 0.2566%/h) | Prezzo: $0.02
[2026-08-25 19:20:42] [INFO] [hyperliquid_bot.strategy.funding]: 📊 Opportunità Top: SAGA | APY: 2247.73% (Rate: 0.2566%/h) | Prezzo: $0.02
[2026-08-25 19:20:42] [INFO] [hyperliquid_bot.engine]: 
=================================================================
📊 [RESOCONTO GUADAGNI FUNDING ARBITRAGE]
   Capitale Allocato:        $150.00 (3 posizioni attive)
   Rendita Oraria Stimata:   +$0.3711/h (+$8.91/giorno)
   Funding Maturato Attuale: +$1.8214 USD
   Totale Guadagni Incassati:+$2.3485 USD
-----------------------------------------------------------------
   • BTC   | Size: 0.0006 ($50.00) | APY: 2325.82% | Attiva da: 6.1h | Funding: +$0.8122
   • SOL   | Size: 0.4841 ($50.00) | APY: 1341.62% | Attiva da: 6.1h | Funding: +$0.4685
   • SAGA  | Size: 3291.6392 ($50.00) | APY: 2834.63% | Attiva da: 3.3h | Funding: +$0.5408
=================================================================
[2026-08-25 19:21:12] [INFO] [hyperliquid_bot.strategy.funding]: 📊 Opportunità Top: SAGA | APY: 2248.77% (Rate: 0.2567%/h) | Prezzo: $0.02
[2026-08-25 19:21:42] [INFO] [hyperliquid_bot.strategy.funding]: 📊 Opportunità Top: SAGA | APY: 2248.62% (Rate: 0.2567%/h) | Prezzo: $0.02
[2026-08-25 19:22:12] [INFO] [hyperliquid_bot.strategy.funding]: 📊 Opportunità Top: SAGA | APY: 2249.6% (Rate: 0.2568%/h) | Prezzo: $0.02
[2026-08-25 19:22:42] [INFO] [hyperliquid_bot.strategy.funding]: 📊 Opportunità Top: SAGA | APY: 2250.82% (Rate: 0.2569%/h) | Prezzo: $0.02
[2026-08-25 19:23:12] [INFO] [hyperliquid_bot.strategy.funding]: 📊 Opportunità Top: SAGA | APY: 2254.14% (Rate: 0.2573%/h) | Prezzo: $0.02
[2026-08-25 19:23:42] [INFO] [hyperliquid_bot.strategy.funding]: 📊 Opportunità Top: HYPE | APY: 2342.74% (Rate: 0.2674%/h) | Prezzo: $40.61
[2026-08-25 19:24:12] [INFO] [hyperliquid_bot.strategy.funding]: 📊 Opportunità Top: HYPE | APY: 2501.55% (Rate: 0.2856%/h) | Prezzo: $40.61
[2026-08-25 19:24:42] [INFO] [hyperliquid_bot.strategy.funding]: 📊 Opportunità Top: HYPE | APY: 2653.94% (Rate: 0.3030%/h) | Prezzo: $40.61
[2026-08-25 19:25:12] [INFO] [hyperliquid_bot.strategy.funding]: 📊 Opportunità Top: HYPE | APY: 2800.3% (Rate: 0.3197%/h) | Prezzo: $40.61
[2026-08-25 19:25:42] [INFO] [hyperliquid_bot.strategy.funding]: 📊 Opportunità Top: HYPE | APY: 2940.97% (Rate: 0.3357%/h) | Prezzo: $40.61
[2026-08-25 19:25:42] [INFO] [hyperliquid_bot.engine]: 
=================================================================
📊 [RESOCONTO GUADAGNI FUNDING ARBITRAGE]
   Capitale Allocato:        $150.00 (3 posizioni attive)
   Rendita Oraria Stimata:   +$0.3711/h (+$8.91/giorno)
   Funding Maturato Attuale: +$1.8524 USD
   Totale Guadagni Incassati:+$2.3794 USD
-----------------------------------------------------------------
   • BTC   | Size: 0.0006 ($50.00) | APY: 2325.82% | Attiva da: 6.2h | Funding: +$0.8233
   • SOL   | Size: 0.4841 ($50.00) | APY: 1341.62% | Attiva da: 6.2h | Funding: +$0.4749
   • SAGA  | Size: 3291.6392 ($50.00) | APY: 2834.63% | Attiva da: 3.4h | Funding: +$0.5543
=================================================================
[2026-08-25 19:26:12] [INFO] [hyperliquid_bot.strategy.funding]: 📊 Opportunità Top: HYPE | APY: 3076.29% (Rate: 0.3512%/h) | Prezzo: $40.61
[2026-08-25 19:26:42] [INFO] [hyperliquid_bot.strategy.funding]: 📊 Opportunità Top: HYPE | APY: 3206.54% (Rate: 0.3660%/h) | Prezzo: $40.61
[2026-08-25 19:27:12] [INFO] [hyperliquid_bot.strategy.funding]: 📊 Opportunità Top: HYPE | APY: 3332.02% (Rate: 0.3804%/h) | Prezzo: $40.61
[2026-08-25 19:27:42] [INFO] [hyperliquid_bot.strategy.funding]: 📊 Opportunità Top: HYPE | APY: 3452.97% (Rate: 0.3942%/h) | Prezzo: $40.61
[2026-08-25 19:28:12] [INFO] [hyperliquid_bot.strategy.funding]: 📊 Opportunità Top: HYPE | APY: 3569.64% (Rate: 0.4075%/h) | Prezzo: $40.61
[2026-08-25 19:28:42] [INFO] [hyperliquid_bot.strategy.funding]: 📊 Opportunità Top: HYPE | APY: 3682.26% (Rate: 0.4203%/h) | Prezzo: $40.61
[2026-08-25 19:29:12] [INFO] [hyperliquid_bot.strategy.funding]: 📊 Opportunità Top: HYPE | APY: 3791.02% (Rate: 0.4328%/h) | Prezzo: $40.61
[2026-08-25 19:29:42] [INFO] [hyperliquid_bot.strategy.funding]: 📊 Opportunità Top: HYPE | APY: 3896.13% (Rate: 0.4448%/h) | Prezzo: $40.61
[2026-08-25 19:30:12] [INFO] [hyperliquid_bot.strategy.funding]: 📊 Opportunità Top: HYPE | APY: 3997.77% (Rate: 0.4564%/h) | Prezzo: $40.61
[2026-08-25 19:30:42] [INFO] [hyperliquid_bot.strategy.funding]: 📊 Opportunità Top: HYPE | APY: 4096.09% (Rate: 0.4676%/h) | Prezzo: $40.61
[2026-08-25 19:31:12] [INFO] [hyperliquid_bot.strategy.funding]: 📊 Opportunità Top: HYPE | APY: 4191.28% (Rate: 0.4785%/h) | Prezzo: $40.61
[2026-08-25 19:31:12] [INFO] [hyperliquid_bot.engine]: 
=================================================================
📊 [RESOCONTO GUADAGNI FUNDING ARBITRAGE]
   Capitale Allocato:        $150.00 (3 posizioni attive)
   Rendita Oraria Stimata:   +$0.3711/h (+$8.91/giorno)
   Funding Maturato Attuale: +$1.8864 USD
   Totale Guadagni Incassati:+$2.4134 USD
-----------------------------------------------------------------
   • BTC   | Size: 0.0006 ($50.00) | APY: 2325.82% | Attiva da: 6.3h | Funding: +$0.8354
   • SOL   | Size: 0.4841 ($50.00) | APY: 1341.62% | Attiva da: 6.3h | Funding: +$0.4819
   • SAGA  | Size: 3291.6392 ($50.00) | APY: 2834.63% | Attiva da: 3.5h | Funding: +$0.5691
=================================================================
[2026-08-25 19:31:42] [INFO] [hyperliquid_bot.strategy.funding]: 📊 Opportunità Top: HYPE | APY: 4283.46% (Rate: 0.4890%/h) | Prezzo: $40.61
[2026-08-25 19:32:12] [INFO] [hyperliquid_bot.strategy.funding]: 📊 Opportunità Top: HYPE | APY: 4372.79% (Rate: 0.4992%/h) | Prezzo: $40.61
[2026-08-25 19:32:43] [INFO] [hyperliquid_bot.strategy.funding]: 📊 Opportunità Top: HYPE | APY: 4459.38% (Rate: 0.5091%/h) | Prezzo: $40.61
[2026-08-25 19:33:12] [INFO] [hyperliquid_bot.strategy.funding]: 📊 Opportunità Top: HYPE | APY: 4543.38% (Rate: 0.5187%/h) | Prezzo: $40.61
[2026-08-25 19:33:42] [INFO] [hyperliquid_bot.strategy.funding]: 📊 Opportunità Top: HYPE | APY: 4624.88% (Rate: 0.5280%/h) | Prezzo: $40.61
[2026-08-25 19:34:12] [INFO] [hyperliquid_bot.strategy.funding]: 📊 Opportunità Top: HYPE | APY: 4704.01% (Rate: 0.5370%/h) | Prezzo: $40.61
[2026-08-25 19:34:42] [INFO] [hyperliquid_bot.strategy.funding]: 📊 Opportunità Top: HYPE | APY: 4780.86% (Rate: 0.5458%/h) | Prezzo: $40.61
[2026-08-25 19:35:12] [INFO] [hyperliquid_bot.strategy.funding]: 📊 Opportunità Top: HYPE | APY: 4855.52% (Rate: 0.5543%/h) | Prezzo: $40.61
[2026-08-25 19:35:42] [INFO] [hyperliquid_bot.strategy.funding]: 📊 Opportunità Top: HYPE | APY: 4928.1% (Rate: 0.5626%/h) | Prezzo: $40.61
[2026-08-25 19:36:12] [INFO] [hyperliquid_bot.strategy.funding]: 📊 Opportunità Top: HYPE | APY: 4998.68% (Rate: 0.5706%/h) | Prezzo: $40.61
[2026-08-25 19:36:42] [INFO] [hyperliquid_bot.strategy.funding]: 📊 Opportunità Top: HYPE | APY: 5067.34% (Rate: 0.5785%/h) | Prezzo: $40.61
[2026-08-25 19:36:42] [INFO] [hyperliquid_bot.engine]: 
=================================================================
📊 [RESOCONTO GUADAGNI FUNDING ARBITRAGE]
   Capitale Allocato:        $150.00 (3 posizioni attive)
   Rendita Oraria Stimata:   +$0.3711/h (+$8.91/giorno)
   Funding Maturato Attuale: +$1.9204 USD
   Totale Guadagni Incassati:+$2.4474 USD
-----------------------------------------------------------------
   • BTC   | Size: 0.0006 ($50.00) | APY: 2325.82% | Attiva da: 6.4h | Funding: +$0.8476
   • SOL   | Size: 0.4841 ($50.00) | APY: 1341.62% | Attiva da: 6.4h | Funding: +$0.4889
   • SAGA  | Size: 3291.6392 ($50.00) | APY: 2834.63% | Attiva da: 3.6h | Funding: +$0.5839
=================================================================
[2026-08-25 19:37:12] [INFO] [hyperliquid_bot.strategy.funding]: 📊 Opportunità Top: HYPE | APY: 5134.15% (Rate: 0.5861%/h) | Prezzo: $40.61
[2026-08-25 19:37:42] [INFO] [hyperliquid_bot.strategy.funding]: 📊 Opportunità Top: HYPE | APY: 5199.2% (Rate: 0.5935%/h) | Prezzo: $40.61
[2026-08-25 19:38:12] [INFO] [hyperliquid_bot.strategy.funding]: 📊 Opportunità Top: HYPE | APY: 5262.54% (Rate: 0.6007%/h) | Prezzo: $40.61
[2026-08-25 19:38:42] [INFO] [hyperliquid_bot.strategy.funding]: 📊 Opportunità Top: HYPE | APY: 5324.25% (Rate: 0.6078%/h) | Prezzo: $40.61
[2026-08-25 19:39:12] [INFO] [hyperliquid_bot.strategy.funding]: 📊 Opportunità Top: HYPE | APY: 5384.38% (Rate: 0.6147%/h) | Prezzo: $40.61
[2026-08-25 19:39:43] [INFO] [hyperliquid_bot.strategy.funding]: 📊 Opportunità Top: HYPE | APY: 5443.01% (Rate: 0.6213%/h) | Prezzo: $40.61
[2026-08-25 19:40:12] [INFO] [hyperliquid_bot.strategy.funding]: 📊 Opportunità Top: HYPE | APY: 5500.18% (Rate: 0.6279%/h) | Prezzo: $40.61
[2026-08-25 19:40:42] [INFO] [hyperliquid_bot.strategy.funding]: 📊 Opportunità Top: HYPE | APY: 5555.94% (Rate: 0.6342%/h) | Prezzo: $40.61
[2026-08-25 19:41:12] [INFO] [hyperliquid_bot.strategy.funding]: 📊 Opportunità Top: HYPE | APY: 5610.35% (Rate: 0.6405%/h) | Prezzo: $40.61
[2026-08-25 19:41:42] [INFO] [hyperliquid_bot.strategy.funding]: 📊 Opportunità Top: HYPE | APY: 5663.46% (Rate: 0.6465%/h) | Prezzo: $40.61
[2026-08-25 19:41:42] [INFO] [hyperliquid_bot.engine]: 
=================================================================
📊 [RESOCONTO GUADAGNI FUNDING ARBITRAGE]
   Capitale Allocato:        $150.00 (3 posizioni attive)
   Rendita Oraria Stimata:   +$0.3711/h (+$8.91/giorno)
   Funding Maturato Attuale: +$1.9514 USD
   Totale Guadagni Incassati:+$2.4784 USD
-----------------------------------------------------------------
   • BTC   | Size: 0.0006 ($50.00) | APY: 2325.82% | Attiva da: 6.5h | Funding: +$0.8587
   • SOL   | Size: 0.4841 ($50.00) | APY: 1341.62% | Attiva da: 6.5h | Funding: +$0.4953
   • SAGA  | Size: 3291.6392 ($50.00) | APY: 2834.63% | Attiva da: 3.7h | Funding: +$0.5974
=================================================================
[2026-08-25 19:42:12] [INFO] [hyperliquid_bot.strategy.funding]: 📊 Opportunità Top: HYPE | APY: 5715.31% (Rate: 0.6524%/h) | Prezzo: $40.61
[2026-08-25 19:42:42] [INFO] [hyperliquid_bot.strategy.funding]: 📊 Opportunità Top: HYPE | APY: 5765.95% (Rate: 0.6582%/h) | Prezzo: $40.61
[2026-08-25 19:43:13] [INFO] [hyperliquid_bot.strategy.funding]: 📊 Opportunità Top: HYPE | APY: 5815.42% (Rate: 0.6639%/h) | Prezzo: $40.61
[2026-08-25 19:43:42] [INFO] [hyperliquid_bot.strategy.funding]: 📊 Opportunità Top: HYPE | APY: 5863.76% (Rate: 0.6694%/h) | Prezzo: $40.61
[2026-08-25 19:44:12] [INFO] [hyperliquid_bot.strategy.funding]: 📊 Opportunità Top: HYPE | APY: 5911.0% (Rate: 0.6748%/h) | Prezzo: $40.61
[2026-08-25 19:44:42] [INFO] [hyperliquid_bot.strategy.funding]: 📊 Opportunità Top: HYPE | APY: 5922.94% (Rate: 0.6761%/h) | Prezzo: $40.61
[2026-08-25 19:45:13] [INFO] [hyperliquid_bot.strategy.funding]: 📊 Opportunità Top: HYPE | APY: 5856.89% (Rate: 0.6686%/h) | Prezzo: $40.61
[2026-08-25 19:45:42] [INFO] [hyperliquid_bot.strategy.funding]: 📊 Opportunità Top: HYPE | APY: 5792.28% (Rate: 0.6612%/h) | Prezzo: $40.61
[2026-08-25 19:46:12] [INFO] [hyperliquid_bot.strategy.funding]: 📊 Opportunità Top: HYPE | APY: 5729.07% (Rate: 0.6540%/h) | Prezzo: $40.61
[2026-08-25 19:46:43] [INFO] [hyperliquid_bot.strategy.funding]: 📊 Opportunità Top: HYPE | APY: 5667.21% (Rate: 0.6469%/h) | Prezzo: $40.61
[2026-08-25 19:47:13] [INFO] [hyperliquid_bot.strategy.funding]: 📊 Opportunità Top: HYPE | APY: 5606.66% (Rate: 0.6400%/h) | Prezzo: $40.61
[2026-08-25 19:47:13] [INFO] [hyperliquid_bot.engine]: 
=================================================================
📊 [RESOCONTO GUADAGNI FUNDING ARBITRAGE]
   Capitale Allocato:        $150.00 (3 posizioni attive)
   Rendita Oraria Stimata:   +$0.3711/h (+$8.91/giorno)
   Funding Maturato Attuale: +$1.9854 USD
   Totale Guadagni Incassati:+$2.5124 USD
-----------------------------------------------------------------
   • BTC   | Size: 0.0006 ($50.00) | APY: 2325.82% | Attiva da: 6.6h | Funding: +$0.8708
   • SOL   | Size: 0.4841 ($50.00) | APY: 1341.62% | Attiva da: 6.6h | Funding: +$0.5023
   • SAGA  | Size: 3291.6392 ($50.00) | APY: 2834.63% | Attiva da: 3.8h | Funding: +$0.6122
=================================================================
[2026-08-25 19:47:42] [INFO] [hyperliquid_bot.strategy.funding]: 📊 Opportunità Top: HYPE | APY: 5547.38% (Rate: 0.6333%/h) | Prezzo: $40.61
[2026-08-25 19:48:13] [INFO] [hyperliquid_bot.strategy.funding]: 📊 Opportunità Top: HYPE | APY: 5489.33% (Rate: 0.6266%/h) | Prezzo: $40.61
[2026-08-25 19:48:43] [INFO] [hyperliquid_bot.strategy.funding]: 📊 Opportunità Top: HYPE | APY: 5445.88% (Rate: 0.6217%/h) | Prezzo: $40.61
[2026-08-25 19:49:13] [INFO] [hyperliquid_bot.strategy.funding]: 📊 Opportunità Top: HYPE | APY: 5405.96% (Rate: 0.6171%/h) | Prezzo: $40.61
[2026-08-25 19:49:42] [INFO] [hyperliquid_bot.strategy.funding]: 📊 Opportunità Top: HYPE | APY: 5366.85% (Rate: 0.6127%/h) | Prezzo: $40.61
[2026-08-25 19:50:12] [INFO] [hyperliquid_bot.strategy.funding]: 📊 Opportunità Top: HYPE | APY: 5328.52% (Rate: 0.6083%/h) | Prezzo: $40.61
[2026-08-25 19:50:43] [INFO] [hyperliquid_bot.strategy.funding]: 📊 Opportunità Top: HYPE | APY: 5290.94% (Rate: 0.6040%/h) | Prezzo: $40.61
[2026-08-25 19:51:13] [INFO] [hyperliquid_bot.strategy.funding]: 📊 Opportunità Top: HYPE | APY: 5254.1% (Rate: 0.5998%/h) | Prezzo: $40.61
[2026-08-25 19:51:43] [INFO] [hyperliquid_bot.strategy.funding]: 📊 Opportunità Top: HYPE | APY: 5217.97% (Rate: 0.5957%/h) | Prezzo: $40.61
[2026-08-25 19:52:13] [INFO] [hyperliquid_bot.strategy.funding]: 📊 Opportunità Top: HYPE | APY: 5182.53% (Rate: 0.5916%/h) | Prezzo: $40.61
[2026-08-25 19:52:42] [INFO] [hyperliquid_bot.strategy.funding]: 📊 Opportunità Top: HYPE | APY: 5147.76% (Rate: 0.5876%/h) | Prezzo: $40.61
[2026-08-25 19:52:42] [INFO] [hyperliquid_bot.engine]: 
=================================================================
📊 [RESOCONTO GUADAGNI FUNDING ARBITRAGE]
   Capitale Allocato:        $150.00 (3 posizioni attive)
   Rendita Oraria Stimata:   +$0.3711/h (+$8.91/giorno)
   Funding Maturato Attuale: +$2.0194 USD
   Totale Guadagni Incassati:+$2.5464 USD
-----------------------------------------------------------------
   • BTC   | Size: 0.0006 ($50.00) | APY: 2325.82% | Attiva da: 6.7h | Funding: +$0.8830
   • SOL   | Size: 0.4841 ($50.00) | APY: 1341.62% | Attiva da: 6.7h | Funding: +$0.5093
   • SAGA  | Size: 3291.6392 ($50.00) | APY: 2834.63% | Attiva da: 3.9h | Funding: +$0.6271
=================================================================
[2026-08-25 19:53:13] [INFO] [hyperliquid_bot.strategy.funding]: 📊 Opportunità Top: HYPE | APY: 5113.64% (Rate: 0.5837%/h) | Prezzo: $40.61
[2026-08-25 19:53:43] [INFO] [hyperliquid_bot.strategy.funding]: 📊 Opportunità Top: HYPE | APY: 5080.16% (Rate: 0.5799%/h) | Prezzo: $40.61
[2026-08-25 19:54:13] [INFO] [hyperliquid_bot.strategy.funding]: 📊 Opportunità Top: HYPE | APY: 5047.3% (Rate: 0.5762%/h) | Prezzo: $40.61
[2026-08-25 19:54:43] [INFO] [hyperliquid_bot.strategy.funding]: 📊 Opportunità Top: HYPE | APY: 5015.04% (Rate: 0.5725%/h) | Prezzo: $40.61
[2026-08-25 19:55:13] [INFO] [hyperliquid_bot.strategy.funding]: 📊 Opportunità Top: HYPE | APY: 4983.36% (Rate: 0.5689%/h) | Prezzo: $40.61
[2026-08-25 19:55:42] [INFO] [hyperliquid_bot.strategy.funding]: 📊 Opportunità Top: HYPE | APY: 4952.24% (Rate: 0.5653%/h) | Prezzo: $40.61
[2026-08-25 19:56:13] [INFO] [hyperliquid_bot.strategy.funding]: 📊 Opportunità Top: HYPE | APY: 4921.69% (Rate: 0.5618%/h) | Prezzo: $40.61
[2026-08-25 19:56:43] [INFO] [hyperliquid_bot.strategy.funding]: 📊 Opportunità Top: HYPE | APY: 4891.67% (Rate: 0.5584%/h) | Prezzo: $40.61
[2026-08-25 19:57:13] [INFO] [hyperliquid_bot.strategy.funding]: 📊 Opportunità Top: HYPE | APY: 4862.17% (Rate: 0.5550%/h) | Prezzo: $40.61
[2026-08-25 19:57:42] [INFO] [hyperliquid_bot.strategy.funding]: 📊 Opportunità Top: HYPE | APY: 4833.19% (Rate: 0.5517%/h) | Prezzo: $40.61
[2026-08-25 19:58:13] [INFO] [hyperliquid_bot.strategy.funding]: 📊 Opportunità Top: HYPE | APY: 4804.7% (Rate: 0.5485%/h) | Prezzo: $40.61
[2026-08-25 19:58:13] [INFO] [hyperliquid_bot.engine]: 
=================================================================
📊 [RESOCONTO GUADAGNI FUNDING ARBITRAGE]
   Capitale Allocato:        $150.00 (3 posizioni attive)
   Rendita Oraria Stimata:   +$0.3711/h (+$8.91/giorno)
   Funding Maturato Attuale: +$2.0535 USD
   Totale Guadagni Incassati:+$2.5805 USD
-----------------------------------------------------------------
   • BTC   | Size: 0.0006 ($50.00) | APY: 2325.82% | Attiva da: 6.7h | Funding: +$0.8952
   • SOL   | Size: 0.4841 ($50.00) | APY: 1341.62% | Attiva da: 6.7h | Funding: +$0.5164
   • SAGA  | Size: 3291.6392 ($50.00) | APY: 2834.63% | Attiva da: 4.0h | Funding: +$0.6419
=================================================================
[2026-08-25 19:58:43] [INFO] [hyperliquid_bot.strategy.funding]: 📊 Opportunità Top: HYPE | APY: 4776.7% (Rate: 0.5453%/h) | Prezzo: $40.61
[2026-08-25 19:59:13] [INFO] [hyperliquid_bot.strategy.funding]: 📊 Opportunità Top: HYPE | APY: 4749.17% (Rate: 0.5421%/h) | Prezzo: $40.61
[2026-08-25 19:59:43] [INFO] [hyperliquid_bot.strategy.funding]: 📊 Opportunità Top: HYPE | APY: 4722.1% (Rate: 0.5391%/h) | Prezzo: $40.61
[2026-08-25 20:00:13] [INFO] [hyperliquid_bot.strategy.funding]: 📊 Opportunità Top: HYPE | APY: 4450.55% (Rate: 0.5081%/h) | Prezzo: $40.61
[2026-08-25 20:00:13] [INFO] [hyperliquid_bot.strategy.funding]: 🔻 Chiusura posizione su BTC: APY (0.00%) sotto la soglia di uscita (3.0%). Funding incassato: $0.8996
[2026-08-25 20:00:13] [INFO] [hyperliquid_bot.strategy.funding]: ✅ [DRY-RUN] Entrata Delta-Neutral simulata su HYPE: Size: 1.2312 ($50.00) @ APY 4450.55%
[2026-08-25 20:00:43] [INFO] [hyperliquid_bot.strategy.funding]: 📊 Opportunità Top: HYPE | APY: 7092.35% (Rate: 0.8096%/h) | Prezzo: $44.64
[2026-08-25 20:01:13] [INFO] [hyperliquid_bot.strategy.funding]: 📊 Opportunità Top: HYPE | APY: 9044.83% (Rate: 1.0325%/h) | Prezzo: $47.81
[2026-08-25 20:01:43] [INFO] [hyperliquid_bot.strategy.funding]: 📊 Opportunità Top: HYPE | APY: 8810.78% (Rate: 1.0058%/h) | Prezzo: $49.66
[2026-08-25 20:02:13] [INFO] [hyperliquid_bot.strategy.funding]: 📊 Opportunità Top: HYPE | APY: 6840.66% (Rate: 0.7809%/h) | Prezzo: $49.66
[2026-08-25 20:02:43] [INFO] [hyperliquid_bot.strategy.funding]: 📊 Opportunità Top: HYPE | APY: 5586.95% (Rate: 0.6378%/h) | Prezzo: $49.59
[2026-08-25 20:03:13] [INFO] [hyperliquid_bot.strategy.funding]: 📊 Opportunità Top: HYPE | APY: 4760.57% (Rate: 0.5434%/h) | Prezzo: $49.63
[2026-08-25 20:03:43] [INFO] [hyperliquid_bot.strategy.funding]: 📊 Opportunità Top: HYPE | APY: 4334.71% (Rate: 0.4948%/h) | Prezzo: $49.65
[2026-08-25 20:03:43] [INFO] [hyperliquid_bot.engine]: 
=================================================================
📊 [RESOCONTO GUADAGNI FUNDING ARBITRAGE]
   Capitale Allocato:        $150.00 (3 posizioni attive)
   Rendita Oraria Stimata:   +$0.4924/h (+$11.82/giorno)
   Funding Maturato Attuale: +$1.1950 USD
   Totale Guadagni Incassati:+$2.6216 USD
-----------------------------------------------------------------
   • SOL   | Size: 0.4841 ($50.00) | APY: 1341.62% | Attiva da: 6.8h | Funding: +$0.5234
   • SAGA  | Size: 3291.6392 ($50.00) | APY: 2834.63% | Attiva da: 4.1h | Funding: +$0.6568
   • HYPE  | Size: 1.2312 ($50.00) | APY: 4450.55% | Attiva da: 0.1h | Funding: +$0.0148
=================================================================
[2026-08-25 20:04:13] [INFO] [hyperliquid_bot.strategy.funding]: 📊 Opportunità Top: HYPE | APY: 4009.05% (Rate: 0.4577%/h) | Prezzo: $49.66
[2026-08-25 20:04:43] [INFO] [hyperliquid_bot.strategy.funding]: 📊 Opportunità Top: HYPE | APY: 3751.95% (Rate: 0.4283%/h) | Prezzo: $49.66
[2026-08-25 20:05:13] [INFO] [hyperliquid_bot.strategy.funding]: 📊 Opportunità Top: HYPE | APY: 3543.83% (Rate: 0.4045%/h) | Prezzo: $49.66
[2026-08-25 20:05:43] [INFO] [hyperliquid_bot.strategy.funding]: 📊 Opportunità Top: HYPE | APY: 3371.9% (Rate: 0.3849%/h) | Prezzo: $49.66
[2026-08-25 20:06:13] [INFO] [hyperliquid_bot.strategy.funding]: 📊 Opportunità Top: HYPE | APY: 3227.47% (Rate: 0.3684%/h) | Prezzo: $49.66
[2026-08-25 20:06:43] [INFO] [hyperliquid_bot.strategy.funding]: 📊 Opportunità Top: HYPE | APY: 3104.45% (Rate: 0.3544%/h) | Prezzo: $49.66
[2026-08-25 20:07:12] [INFO] [hyperliquid_bot.strategy.funding]: 📊 Opportunità Top: HYPE | APY: 2998.39% (Rate: 0.3423%/h) | Prezzo: $49.66
[2026-08-25 20:07:43] [INFO] [hyperliquid_bot.strategy.funding]: 📊 Opportunità Top: HYPE | APY: 2906.02% (Rate: 0.3317%/h) | Prezzo: $49.66
[2026-08-25 20:08:13] [INFO] [hyperliquid_bot.strategy.funding]: 📊 Opportunità Top: HYPE | APY: 2824.84% (Rate: 0.3225%/h) | Prezzo: $49.66
[2026-08-25 20:08:43] [INFO] [hyperliquid_bot.strategy.funding]: 📊 Opportunità Top: HYPE | APY: 2752.95% (Rate: 0.3143%/h) | Prezzo: $49.66
[2026-08-25 20:09:13] [INFO] [hyperliquid_bot.strategy.funding]: 📊 Opportunità Top: HYPE | APY: 2688.82% (Rate: 0.3069%/h) | Prezzo: $49.66
[2026-08-25 20:09:13] [INFO] [hyperliquid_bot.engine]: 
=================================================================
📊 [RESOCONTO GUADAGNI FUNDING ARBITRAGE]
   Capitale Allocato:        $150.00 (3 posizioni attive)
   Rendita Oraria Stimata:   +$0.4924/h (+$11.82/giorno)
   Funding Maturato Attuale: +$1.2401 USD
   Totale Guadagni Incassati:+$2.6667 USD
-----------------------------------------------------------------
   • SOL   | Size: 0.4841 ($50.00) | APY: 1341.62% | Attiva da: 6.9h | Funding: +$0.5304
   • SAGA  | Size: 3291.6392 ($50.00) | APY: 2834.63% | Attiva da: 4.2h | Funding: +$0.6716
   • HYPE  | Size: 1.2312 ($50.00) | APY: 4450.55% | Attiva da: 0.1h | Funding: +$0.0381
=================================================================
[2026-08-25 20:09:43] [INFO] [hyperliquid_bot.strategy.funding]: 📊 Opportunità Top: HYPE | APY: 2631.27% (Rate: 0.3004%/h) | Prezzo: $49.66
[2026-08-25 20:10:13] [INFO] [hyperliquid_bot.strategy.funding]: 📊 Opportunità Top: HYPE | APY: 2579.34% (Rate: 0.2944%/h) | Prezzo: $49.66
[2026-08-25 20:10:43] [INFO] [hyperliquid_bot.strategy.funding]: 📊 Opportunità Top: HYPE | APY: 2532.23% (Rate: 0.2891%/h) | Prezzo: $49.66
[2026-08-25 20:11:13] [INFO] [hyperliquid_bot.strategy.funding]: 📊 Opportunità Top: HYPE | APY: 2489.32% (Rate: 0.2842%/h) | Prezzo: $49.66
[2026-08-25 20:11:43] [INFO] [hyperliquid_bot.strategy.funding]: 📊 Opportunità Top: HYPE | APY: 2450.05% (Rate: 0.2797%/h) | Prezzo: $49.66
[2026-08-25 20:12:13] [INFO] [hyperliquid_bot.strategy.funding]: 📊 Opportunità Top: HYPE | APY: 2414.0% (Rate: 0.2756%/h) | Prezzo: $49.66
[2026-08-25 20:12:43] [INFO] [hyperliquid_bot.strategy.funding]: 📊 Opportunità Top: HYPE | APY: 2380.77% (Rate: 0.2718%/h) | Prezzo: $49.66
[2026-08-25 20:13:13] [INFO] [hyperliquid_bot.strategy.funding]: 📊 Opportunità Top: HYPE | APY: 2350.04% (Rate: 0.2683%/h) | Prezzo: $49.66
[2026-08-25 20:13:43] [INFO] [hyperliquid_bot.strategy.funding]: 📊 Opportunità Top: HYPE | APY: 2321.56% (Rate: 0.2650%/h) | Prezzo: $49.66
[2026-08-25 20:14:13] [INFO] [hyperliquid_bot.strategy.funding]: 📊 Opportunità Top: HYPE | APY: 2295.07% (Rate: 0.2620%/h) | Prezzo: $49.66
[2026-08-25 20:14:43] [INFO] [hyperliquid_bot.strategy.funding]: 📊 Opportunità Top: HYPE | APY: 2270.37% (Rate: 0.2592%/h) | Prezzo: $49.66
[2026-08-25 20:14:43] [INFO] [hyperliquid_bot.engine]: 
=================================================================
📊 [RESOCONTO GUADAGNI FUNDING ARBITRAGE]
   Capitale Allocato:        $150.00 (3 posizioni attive)
   Rendita Oraria Stimata:   +$0.4924/h (+$11.82/giorno)
   Funding Maturato Attuale: +$1.2852 USD
   Totale Guadagni Incassati:+$2.7118 USD
-----------------------------------------------------------------
   • SOL   | Size: 0.4841 ($50.00) | APY: 1341.62% | Attiva da: 7.0h | Funding: +$0.5374
   • SAGA  | Size: 3291.6392 ($50.00) | APY: 2834.63% | Attiva da: 4.2h | Funding: +$0.6864
   • HYPE  | Size: 1.2312 ($50.00) | APY: 4450.55% | Attiva da: 0.2h | Funding: +$0.0614
=================================================================
[2026-08-25 20:15:13] [INFO] [hyperliquid_bot.strategy.funding]: 📊 Opportunità Top: HYPE | APY: 2247.3% (Rate: 0.2565%/h) | Prezzo: $49.66
[2026-08-25 20:15:43] [INFO] [hyperliquid_bot.strategy.funding]: 📊 Opportunità Top: HYPE | APY: 2225.69% (Rate: 0.2541%/h) | Prezzo: $49.66
[2026-08-25 20:16:13] [INFO] [hyperliquid_bot.strategy.funding]: 📊 Opportunità Top: HYPE | APY: 2205.41% (Rate: 0.2518%/h) | Prezzo: $49.66
[2026-08-25 20:16:43] [INFO] [hyperliquid_bot.strategy.funding]: 📊 Opportunità Top: HYPE | APY: 2186.34% (Rate: 0.2496%/h) | Prezzo: $49.66
[2026-08-25 20:17:13] [INFO] [hyperliquid_bot.strategy.funding]: 📊 Opportunità Top: HYPE | APY: 2168.38% (Rate: 0.2475%/h) | Prezzo: $49.66
[2026-08-25 20:17:43] [INFO] [hyperliquid_bot.strategy.funding]: 📊 Opportunità Top: HYPE | APY: 2151.43% (Rate: 0.2456%/h) | Prezzo: $49.66
[2026-08-25 20:18:13] [INFO] [hyperliquid_bot.strategy.funding]: 📊 Opportunità Top: HYPE | APY: 2135.41% (Rate: 0.2438%/h) | Prezzo: $49.66
[2026-08-25 20:18:43] [INFO] [hyperliquid_bot.strategy.funding]: 📊 Opportunità Top: HYPE | APY: 2120.24% (Rate: 0.2420%/h) | Prezzo: $49.66
[2026-08-25 20:19:13] [INFO] [hyperliquid_bot.strategy.funding]: 📊 Opportunità Top: HYPE | APY: 2105.86% (Rate: 0.2404%/h) | Prezzo: $49.66
[2026-08-25 20:19:43] [INFO] [hyperliquid_bot.strategy.funding]: 📊 Opportunità Top: HYPE | APY: 2092.21% (Rate: 0.2388%/h) | Prezzo: $49.66
[2026-08-25 20:20:13] [INFO] [hyperliquid_bot.strategy.funding]: 📊 Opportunità Top: HYPE | APY: 2059.21% (Rate: 0.2351%/h) | Prezzo: $49.66
[2026-08-25 20:20:13] [INFO] [hyperliquid_bot.engine]: 
=================================================================
📊 [RESOCONTO GUADAGNI FUNDING ARBITRAGE]
   Capitale Allocato:        $150.00 (3 posizioni attive)
   Rendita Oraria Stimata:   +$0.4924/h (+$11.82/giorno)
   Funding Maturato Attuale: +$1.3304 USD
   Totale Guadagni Incassati:+$2.7570 USD
-----------------------------------------------------------------
   • SOL   | Size: 0.4841 ($50.00) | APY: 1341.62% | Attiva da: 7.1h | Funding: +$0.5445
   • SAGA  | Size: 3291.6392 ($50.00) | APY: 2834.63% | Attiva da: 4.3h | Funding: +$0.7013
   • HYPE  | Size: 1.2312 ($50.00) | APY: 4450.55% | Attiva da: 0.3h | Funding: +$0.0847
=================================================================
[2026-08-25 20:20:43] [INFO] [hyperliquid_bot.strategy.funding]: 📊 Opportunità Top: HYPE | APY: 2053.12% (Rate: 0.2344%/h) | Prezzo: $49.66
[2026-08-25 20:21:13] [INFO] [hyperliquid_bot.strategy.funding]: 📊 Opportunità Top: HYPE | APY: 2048.88% (Rate: 0.2339%/h) | Prezzo: $49.66
[2026-08-25 20:21:43] [INFO] [hyperliquid_bot.strategy.funding]: 📊 Opportunità Top: HYPE | APY: 2044.83% (Rate: 0.2334%/h) | Prezzo: $49.66
[2026-08-25 20:22:13] [INFO] [hyperliquid_bot.strategy.funding]: 📊 Opportunità Top: HYPE | APY: 2040.95% (Rate: 0.2330%/h) | Prezzo: $49.66
[2026-08-25 20:22:43] [INFO] [hyperliquid_bot.strategy.funding]: 📊 Opportunità Top: HYPE | APY: 2055.36% (Rate: 0.2346%/h) | Prezzo: $49.66
[2026-08-25 20:23:13] [INFO] [hyperliquid_bot.strategy.funding]: 📊 Opportunità Top: HYPE | APY: 2157.75% (Rate: 0.2463%/h) | Prezzo: $49.66
[2026-08-25 20:23:43] [INFO] [hyperliquid_bot.strategy.funding]: 📊 Opportunità Top: HYPE | APY: 2255.82% (Rate: 0.2575%/h) | Prezzo: $49.66
[2026-08-25 20:24:13] [INFO] [hyperliquid_bot.strategy.funding]: 📊 Opportunità Top: HYPE | APY: 2349.85% (Rate: 0.2682%/h) | Prezzo: $49.66
[2026-08-25 20:24:43] [INFO] [hyperliquid_bot.strategy.funding]: 📊 Opportunità Top: HYPE | APY: 2440.08% (Rate: 0.2785%/h) | Prezzo: $49.66
[2026-08-25 20:25:13] [INFO] [hyperliquid_bot.strategy.funding]: 📊 Opportunità Top: HYPE | APY: 2526.74% (Rate: 0.2884%/h) | Prezzo: $49.66
[2026-08-25 20:25:43] [INFO] [hyperliquid_bot.strategy.funding]: 📊 Opportunità Top: HYPE | APY: 2610.03% (Rate: 0.2979%/h) | Prezzo: $49.66
[2026-08-25 20:25:43] [INFO] [hyperliquid_bot.engine]: 
=================================================================
📊 [RESOCONTO GUADAGNI FUNDING ARBITRAGE]
   Capitale Allocato:        $150.00 (3 posizioni attive)
   Rendita Oraria Stimata:   +$0.4924/h (+$11.82/giorno)
   Funding Maturato Attuale: +$1.3755 USD
   Totale Guadagni Incassati:+$2.8022 USD
-----------------------------------------------------------------
   • SOL   | Size: 0.4841 ($50.00) | APY: 1341.62% | Attiva da: 7.2h | Funding: +$0.5515
   • SAGA  | Size: 3291.6392 ($50.00) | APY: 2834.63% | Attiva da: 4.4h | Funding: +$0.7161
   • HYPE  | Size: 1.2312 ($50.00) | APY: 4450.55% | Attiva da: 0.4h | Funding: +$0.1080
=================================================================
[2026-08-25 20:26:13] [INFO] [hyperliquid_bot.strategy.funding]: 📊 Opportunità Top: HYPE | APY: 2690.15% (Rate: 0.3071%/h) | Prezzo: $49.66
[2026-08-25 20:26:43] [INFO] [hyperliquid_bot.strategy.funding]: 📊 Opportunità Top: HYPE | APY: 2767.27% (Rate: 0.3159%/h) | Prezzo: $49.66
[2026-08-25 20:27:13] [INFO] [hyperliquid_bot.strategy.funding]: 📊 Opportunità Top: HYPE | APY: 2841.57% (Rate: 0.3244%/h) | Prezzo: $49.66
[2026-08-25 20:27:43] [INFO] [hyperliquid_bot.strategy.funding]: 📊 Opportunità Top: HYPE | APY: 2913.18% (Rate: 0.3326%/h) | Prezzo: $49.66
[2026-08-25 20:28:13] [INFO] [hyperliquid_bot.strategy.funding]: 📊 Opportunità Top: HYPE | APY: 2982.27% (Rate: 0.3404%/h) | Prezzo: $49.66
[2026-08-25 20:28:43] [INFO] [hyperliquid_bot.strategy.funding]: 📊 Opportunità Top: HYPE | APY: 3048.94% (Rate: 0.3481%/h) | Prezzo: $49.66
[2026-08-25 20:29:13] [INFO] [hyperliquid_bot.strategy.funding]: 📊 Opportunità Top: HYPE | APY: 3113.34% (Rate: 0.3554%/h) | Prezzo: $49.66
[2026-08-25 20:29:43] [INFO] [hyperliquid_bot.strategy.funding]: 📊 Opportunità Top: HYPE | APY: 3175.58% (Rate: 0.3625%/h) | Prezzo: $49.66
[2026-08-25 20:30:13] [INFO] [hyperliquid_bot.strategy.funding]: 📊 Opportunità Top: HYPE | APY: 3235.75% (Rate: 0.3694%/h) | Prezzo: $49.66
[2026-08-25 20:30:43] [INFO] [hyperliquid_bot.strategy.funding]: 📊 Opportunità Top: HYPE | APY: 3293.97% (Rate: 0.3760%/h) | Prezzo: $49.66
[2026-08-25 20:31:13] [INFO] [hyperliquid_bot.strategy.funding]: 📊 Opportunità Top: HYPE | APY: 3350.33% (Rate: 0.3825%/h) | Prezzo: $49.66
[2026-08-25 20:31:13] [INFO] [hyperliquid_bot.engine]: 
=================================================================
📊 [RESOCONTO GUADAGNI FUNDING ARBITRAGE]
   Capitale Allocato:        $150.00 (3 posizioni attive)
   Rendita Oraria Stimata:   +$0.4924/h (+$11.82/giorno)
   Funding Maturato Attuale: +$1.4207 USD
   Totale Guadagni Incassati:+$2.8473 USD
-----------------------------------------------------------------
   • SOL   | Size: 0.4841 ($50.00) | APY: 1341.62% | Attiva da: 7.3h | Funding: +$0.5585
   • SAGA  | Size: 3291.6392 ($50.00) | APY: 2834.63% | Attiva da: 4.5h | Funding: +$0.7309
   • HYPE  | Size: 1.2312 ($50.00) | APY: 4450.55% | Attiva da: 0.5h | Funding: +$0.1312
=================================================================
[2026-08-25 20:31:43] [INFO] [hyperliquid_bot.strategy.funding]: 📊 Opportunità Top: HYPE | APY: 3404.91% (Rate: 0.3887%/h) | Prezzo: $49.66
[2026-08-25 20:32:13] [INFO] [hyperliquid_bot.strategy.funding]: 📊 Opportunità Top: HYPE | APY: 3457.8% (Rate: 0.3947%/h) | Prezzo: $49.66
[2026-08-25 20:32:43] [INFO] [hyperliquid_bot.strategy.funding]: 📊 Opportunità Top: HYPE | APY: 3509.1% (Rate: 0.4006%/h) | Prezzo: $49.66
[2026-08-25 20:33:13] [INFO] [hyperliquid_bot.strategy.funding]: 📊 Opportunità Top: HYPE | APY: 3558.86% (Rate: 0.4063%/h) | Prezzo: $49.66
[2026-08-25 20:33:43] [INFO] [hyperliquid_bot.strategy.funding]: 📊 Opportunità Top: HYPE | APY: 3607.15% (Rate: 0.4118%/h) | Prezzo: $49.66
[2026-08-25 20:34:13] [INFO] [hyperliquid_bot.strategy.funding]: 📊 Opportunità Top: HYPE | APY: 3654.03% (Rate: 0.4171%/h) | Prezzo: $49.66
[2026-08-25 20:34:43] [INFO] [hyperliquid_bot.strategy.funding]: 📊 Opportunità Top: HYPE | APY: 3699.56% (Rate: 0.4223%/h) | Prezzo: $49.66
[2026-08-25 20:35:13] [INFO] [hyperliquid_bot.strategy.funding]: 📊 Opportunità Top: HYPE | APY: 3743.8% (Rate: 0.4274%/h) | Prezzo: $49.66
[2026-08-25 20:35:43] [INFO] [hyperliquid_bot.strategy.funding]: 📊 Opportunità Top: HYPE | APY: 3786.81% (Rate: 0.4323%/h) | Prezzo: $49.66
[2026-08-25 20:36:13] [INFO] [hyperliquid_bot.strategy.funding]: 📊 Opportunità Top: HYPE | APY: 3828.62% (Rate: 0.4371%/h) | Prezzo: $49.66
[2026-08-25 20:36:43] [INFO] [hyperliquid_bot.strategy.funding]: 📊 Opportunità Top: HYPE | APY: 3869.3% (Rate: 0.4417%/h) | Prezzo: $49.66
[2026-08-25 20:36:43] [INFO] [hyperliquid_bot.engine]: 
=================================================================
📊 [RESOCONTO GUADAGNI FUNDING ARBITRAGE]
   Capitale Allocato:        $150.00 (3 posizioni attive)
   Rendita Oraria Stimata:   +$0.4924/h (+$11.82/giorno)
   Funding Maturato Attuale: +$1.4658 USD
   Totale Guadagni Incassati:+$2.8924 USD
-----------------------------------------------------------------
   • SOL   | Size: 0.4841 ($50.00) | APY: 1341.62% | Attiva da: 7.4h | Funding: +$0.5655
   • SAGA  | Size: 3291.6392 ($50.00) | APY: 2834.63% | Attiva da: 4.6h | Funding: +$0.7457
   • HYPE  | Size: 1.2312 ($50.00) | APY: 4450.55% | Attiva da: 0.6h | Funding: +$0.1545
=================================================================
[2026-08-25 20:37:13] [INFO] [hyperliquid_bot.strategy.funding]: 📊 Opportunità Top: HYPE | APY: 3908.89% (Rate: 0.4462%/h) | Prezzo: $49.66
[2026-08-25 20:37:43] [INFO] [hyperliquid_bot.strategy.funding]: 📊 Opportunità Top: HYPE | APY: 3947.42% (Rate: 0.4506%/h) | Prezzo: $49.66
[2026-08-25 20:38:13] [INFO] [hyperliquid_bot.strategy.funding]: 📊 Opportunità Top: HYPE | APY: 3984.95% (Rate: 0.4549%/h) | Prezzo: $49.66
[2026-08-25 20:38:43] [INFO] [hyperliquid_bot.strategy.funding]: 📊 Opportunità Top: HYPE | APY: 4021.51% (Rate: 0.4591%/h) | Prezzo: $49.66
[2026-08-25 20:39:13] [INFO] [hyperliquid_bot.strategy.funding]: 📊 Opportunità Top: HYPE | APY: 4057.14% (Rate: 0.4631%/h) | Prezzo: $49.66
[2026-08-25 20:39:43] [INFO] [hyperliquid_bot.strategy.funding]: 📊 Opportunità Top: HYPE | APY: 4091.88% (Rate: 0.4671%/h) | Prezzo: $49.66
[2026-08-25 20:40:13] [INFO] [hyperliquid_bot.strategy.funding]: 📊 Opportunità Top: HYPE | APY: 4125.75% (Rate: 0.4710%/h) | Prezzo: $49.66
[2026-08-25 20:40:43] [INFO] [hyperliquid_bot.strategy.funding]: 📊 Opportunità Top: HYPE | APY: 4133.89% (Rate: 0.4719%/h) | Prezzo: $49.66
[2026-08-25 20:41:13] [INFO] [hyperliquid_bot.strategy.funding]: 📊 Opportunità Top: HYPE | APY: 4083.12% (Rate: 0.4661%/h) | Prezzo: $49.66
[2026-08-25 20:41:43] [INFO] [hyperliquid_bot.strategy.funding]: 📊 Opportunità Top: HYPE | APY: 4033.56% (Rate: 0.4605%/h) | Prezzo: $49.66
[2026-08-25 20:41:43] [INFO] [hyperliquid_bot.engine]: 
=================================================================
📊 [RESOCONTO GUADAGNI FUNDING ARBITRAGE]
   Capitale Allocato:        $150.00 (3 posizioni attive)
   Rendita Oraria Stimata:   +$0.4924/h (+$11.82/giorno)
   Funding Maturato Attuale: +$1.5069 USD
   Totale Guadagni Incassati:+$2.9335 USD
-----------------------------------------------------------------
   • SOL   | Size: 0.4841 ($50.00) | APY: 1341.62% | Attiva da: 7.5h | Funding: +$0.5719
   • SAGA  | Size: 3291.6392 ($50.00) | APY: 2834.63% | Attiva da: 4.7h | Funding: +$0.7592
   • HYPE  | Size: 1.2312 ($50.00) | APY: 4450.55% | Attiva da: 0.7h | Funding: +$0.1757
=================================================================
[2026-08-25 20:42:13] [INFO] [hyperliquid_bot.strategy.funding]: 📊 Opportunità Top: HYPE | APY: 3985.18% (Rate: 0.4549%/h) | Prezzo: $49.66
[2026-08-25 20:42:43] [INFO] [hyperliquid_bot.strategy.funding]: 📊 Opportunità Top: HYPE | APY: 3937.93% (Rate: 0.4495%/h) | Prezzo: $49.66
[2026-08-25 20:43:13] [INFO] [hyperliquid_bot.strategy.funding]: 📊 Opportunità Top: HYPE | APY: 3891.77% (Rate: 0.4443%/h) | Prezzo: $49.66
[2026-08-25 20:43:43] [INFO] [hyperliquid_bot.strategy.funding]: 📊 Opportunità Top: HYPE | APY: 3846.67% (Rate: 0.4391%/h) | Prezzo: $49.66
[2026-08-25 20:44:13] [INFO] [hyperliquid_bot.strategy.funding]: 📊 Opportunità Top: HYPE | APY: 3802.58% (Rate: 0.4341%/h) | Prezzo: $49.66
[2026-08-25 20:44:43] [INFO] [hyperliquid_bot.strategy.funding]: 📊 Opportunità Top: HYPE | APY: 3759.48% (Rate: 0.4292%/h) | Prezzo: $49.66
[2026-08-25 20:45:13] [INFO] [hyperliquid_bot.strategy.funding]: 📊 Opportunità Top: HYPE | APY: 3717.34% (Rate: 0.4244%/h) | Prezzo: $49.66
[2026-08-25 20:45:43] [INFO] [hyperliquid_bot.strategy.funding]: 📊 Opportunità Top: HYPE | APY: 3676.11% (Rate: 0.4196%/h) | Prezzo: $49.66
[2026-08-25 20:46:13] [INFO] [hyperliquid_bot.strategy.funding]: 📊 Opportunità Top: HYPE | APY: 3635.78% (Rate: 0.4150%/h) | Prezzo: $49.66
[2026-08-25 20:46:43] [INFO] [hyperliquid_bot.strategy.funding]: 📊 Opportunità Top: HYPE | APY: 3596.31% (Rate: 0.4105%/h) | Prezzo: $49.66
[2026-08-25 20:47:13] [INFO] [hyperliquid_bot.strategy.funding]: 📊 Opportunità Top: HYPE | APY: 3557.67% (Rate: 0.4061%/h) | Prezzo: $49.66
[2026-08-25 20:47:13] [INFO] [hyperliquid_bot.engine]: 
=================================================================
📊 [RESOCONTO GUADAGNI FUNDING ARBITRAGE]
   Capitale Allocato:        $150.00 (3 posizioni attive)
   Rendita Oraria Stimata:   +$0.4924/h (+$11.82/giorno)
   Funding Maturato Attuale: +$1.5520 USD
   Totale Guadagni Incassati:+$2.9786 USD
-----------------------------------------------------------------
   • SOL   | Size: 0.4841 ($50.00) | APY: 1341.62% | Attiva da: 7.6h | Funding: +$0.5789
   • SAGA  | Size: 3291.6392 ($50.00) | APY: 2834.63% | Attiva da: 4.8h | Funding: +$0.7741
   • HYPE  | Size: 1.2312 ($50.00) | APY: 4450.55% | Attiva da: 0.8h | Funding: +$0.1990
=================================================================
[2026-08-25 20:47:43] [INFO] [hyperliquid_bot.strategy.funding]: 📊 Opportunità Top: HYPE | APY: 3519.85% (Rate: 0.4018%/h) | Prezzo: $49.66
[2026-08-25 20:48:13] [INFO] [hyperliquid_bot.strategy.funding]: 📊 Opportunità Top: HYPE | APY: 3482.8% (Rate: 0.3976%/h) | Prezzo: $49.66
[2026-08-25 20:48:43] [INFO] [hyperliquid_bot.strategy.funding]: 📊 Opportunità Top: HYPE | APY: 3446.52% (Rate: 0.3934%/h) | Prezzo: $49.66
[2026-08-25 20:49:13] [INFO] [hyperliquid_bot.strategy.funding]: 📊 Opportunità Top: HYPE | APY: 3410.97% (Rate: 0.3894%/h) | Prezzo: $49.66
[2026-08-25 20:49:43] [INFO] [hyperliquid_bot.strategy.funding]: 📊 Opportunità Top: HYPE | APY: 3376.14% (Rate: 0.3854%/h) | Prezzo: $49.66
[2026-08-25 20:50:13] [INFO] [hyperliquid_bot.strategy.funding]: 📊 Opportunità Top: HYPE | APY: 3342.0% (Rate: 0.3815%/h) | Prezzo: $49.66
[2026-08-25 20:50:43] [INFO] [hyperliquid_bot.strategy.funding]: 📊 Opportunità Top: HYPE | APY: 3308.54% (Rate: 0.3777%/h) | Prezzo: $49.66
[2026-08-25 20:51:13] [INFO] [hyperliquid_bot.strategy.funding]: 📊 Opportunità Top: HYPE | APY: 3275.73% (Rate: 0.3739%/h) | Prezzo: $49.66
[2026-08-25 20:51:43] [INFO] [hyperliquid_bot.strategy.funding]: 📊 Opportunità Top: HYPE | APY: 3243.55% (Rate: 0.3703%/h) | Prezzo: $49.66
[2026-08-25 20:52:13] [INFO] [hyperliquid_bot.strategy.funding]: 📊 Opportunità Top: HYPE | APY: 3211.99% (Rate: 0.3667%/h) | Prezzo: $49.66
[2026-08-25 20:52:43] [INFO] [hyperliquid_bot.strategy.funding]: 📊 Opportunità Top: HYPE | APY: 3181.02% (Rate: 0.3631%/h) | Prezzo: $49.66
[2026-08-25 20:52:43] [INFO] [hyperliquid_bot.engine]: 
=================================================================
📊 [RESOCONTO GUADAGNI FUNDING ARBITRAGE]
   Capitale Allocato:        $150.00 (3 posizioni attive)
   Rendita Oraria Stimata:   +$0.4924/h (+$11.82/giorno)
   Funding Maturato Attuale: +$1.5971 USD
   Totale Guadagni Incassati:+$3.0237 USD
-----------------------------------------------------------------
   • SOL   | Size: 0.4841 ($50.00) | APY: 1341.62% | Attiva da: 7.7h | Funding: +$0.5859
   • SAGA  | Size: 3291.6392 ($50.00) | APY: 2834.63% | Attiva da: 4.9h | Funding: +$0.7889
   • HYPE  | Size: 1.2312 ($50.00) | APY: 4450.55% | Attiva da: 0.9h | Funding: +$0.2223
=================================================================
[2026-08-25 20:53:13] [INFO] [hyperliquid_bot.strategy.funding]: 📊 Opportunità Top: HYPE | APY: 3160.46% (Rate: 0.3608%/h) | Prezzo: $49.66
[2026-08-25 20:53:43] [INFO] [hyperliquid_bot.strategy.funding]: 📊 Opportunità Top: HYPE | APY: 3145.15% (Rate: 0.3590%/h) | Prezzo: $49.66
[2026-08-25 20:54:13] [INFO] [hyperliquid_bot.strategy.funding]: 📊 Opportunità Top: HYPE | APY: 3130.12% (Rate: 0.3573%/h) | Prezzo: $49.66
[2026-08-25 20:54:43] [INFO] [hyperliquid_bot.strategy.funding]: 📊 Opportunità Top: HYPE | APY: 3115.37% (Rate: 0.3556%/h) | Prezzo: $49.66
[2026-08-25 20:55:13] [INFO] [hyperliquid_bot.strategy.funding]: 📊 Opportunità Top: HYPE | APY: 3100.88% (Rate: 0.3540%/h) | Prezzo: $49.66
[2026-08-25 20:55:43] [INFO] [hyperliquid_bot.strategy.funding]: 📊 Opportunità Top: HYPE | APY: 3091.79% (Rate: 0.3529%/h) | Prezzo: $49.66
[2026-08-25 20:56:13] [INFO] [hyperliquid_bot.strategy.funding]: 📊 Opportunità Top: HYPE | APY: 3084.25% (Rate: 0.3521%/h) | Prezzo: $49.66
[2026-08-25 20:56:43] [INFO] [hyperliquid_bot.strategy.funding]: 📊 Opportunità Top: HYPE | APY: 3070.88% (Rate: 0.3506%/h) | Prezzo: $49.66
[2026-08-25 20:57:13] [INFO] [hyperliquid_bot.strategy.funding]: 📊 Opportunità Top: HYPE | APY: 3057.66% (Rate: 0.3490%/h) | Prezzo: $49.66
[2026-08-25 20:57:43] [INFO] [hyperliquid_bot.strategy.funding]: 📊 Opportunità Top: HYPE | APY: 3040.54% (Rate: 0.3471%/h) | Prezzo: $49.66
[2026-08-25 20:57:43] [INFO] [hyperliquid_bot.engine]: 
=================================================================
📊 [RESOCONTO GUADAGNI FUNDING ARBITRAGE]
   Capitale Allocato:        $150.00 (3 posizioni attive)
   Rendita Oraria Stimata:   +$0.4924/h (+$11.82/giorno)
   Funding Maturato Attuale: +$1.6382 USD
   Totale Guadagni Incassati:+$3.0648 USD
-----------------------------------------------------------------
   • SOL   | Size: 0.4841 ($50.00) | APY: 1341.62% | Attiva da: 7.7h | Funding: +$0.5923
   • SAGA  | Size: 3291.6392 ($50.00) | APY: 2834.63% | Attiva da: 5.0h | Funding: +$0.8024
   • HYPE  | Size: 1.2312 ($50.00) | APY: 4450.55% | Attiva da: 1.0h | Funding: +$0.2435
=================================================================
[2026-08-25 20:58:13] [INFO] [hyperliquid_bot.strategy.funding]: 📊 Opportunità Top: HYPE | APY: 3013.97% (Rate: 0.3441%/h) | Prezzo: $49.66
[2026-08-25 20:58:43] [INFO] [hyperliquid_bot.strategy.funding]: 📊 Opportunità Top: HYPE | APY: 2987.85% (Rate: 0.3411%/h) | Prezzo: $49.66
[2026-08-25 20:59:13] [INFO] [hyperliquid_bot.strategy.funding]: 📊 Opportunità Top: HYPE | APY: 2962.17% (Rate: 0.3381%/h) | Prezzo: $49.66
[2026-08-25 20:59:43] [INFO] [hyperliquid_bot.strategy.funding]: 📊 Opportunità Top: HYPE | APY: 2936.93% (Rate: 0.3353%/h) | Prezzo: $49.66
[2026-08-25 21:00:13] [INFO] [hyperliquid_bot.strategy.funding]: 📊 Opportunità Top: SAGA | APY: 1137.06% (Rate: 0.1298%/h) | Prezzo: $0.02
[2026-08-25 21:00:13] [INFO] [hyperliquid_bot.strategy.funding]: 🔻 Chiusura posizione su HYPE: APY (0.00%) sotto la soglia di uscita (3.0%). Funding incassato: $0.2540
[2026-08-25 21:00:13] [INFO] [hyperliquid_bot.strategy.funding]: ✅ [DRY-RUN] Entrata Delta-Neutral simulata su GRIFFAIN: Size: 4137.0180 ($50.00) @ APY 1120.89%
[2026-08-25 21:00:43] [INFO] [hyperliquid_bot.strategy.funding]: 📊 Opportunità Top: HYPE | APY: 2384.99% (Rate: 0.2723%/h) | Prezzo: $49.66
[2026-08-25 21:01:13] [INFO] [hyperliquid_bot.strategy.funding]: 📊 Opportunità Top: HYPE | APY: 2872.93% (Rate: 0.3280%/h) | Prezzo: $49.66
[2026-08-25 21:01:43] [INFO] [hyperliquid_bot.strategy.funding]: 📊 Opportunità Top: HYPE | APY: 3082.05% (Rate: 0.3518%/h) | Prezzo: $49.66
[2026-08-25 21:02:13] [INFO] [hyperliquid_bot.strategy.funding]: 📊 Opportunità Top: HYPE | APY: 3198.23% (Rate: 0.3651%/h) | Prezzo: $49.66
[2026-08-25 21:02:43] [INFO] [hyperliquid_bot.strategy.funding]: 📊 Opportunità Top: HYPE | APY: 3272.16% (Rate: 0.3735%/h) | Prezzo: $49.66
[2026-08-25 21:03:13] [INFO] [hyperliquid_bot.strategy.funding]: 📊 Opportunità Top: HYPE | APY: 3323.34% (Rate: 0.3794%/h) | Prezzo: $49.66
[2026-08-25 21:03:13] [INFO] [hyperliquid_bot.engine]: 
=================================================================
📊 [RESOCONTO GUADAGNI FUNDING ARBITRAGE]
   Capitale Allocato:        $150.00 (3 posizioni attive)
   Rendita Oraria Stimata:   +$0.3023/h (+$7.26/giorno)
   Funding Maturato Attuale: +$1.4198 USD
   Totale Guadagni Incassati:+$3.1004 USD
-----------------------------------------------------------------
   • SOL   | Size: 0.4841 ($50.00) | APY: 1341.62% | Attiva da: 7.8h | Funding: +$0.5993
   • SAGA  | Size: 3291.6392 ($50.00) | APY: 2834.63% | Attiva da: 5.1h | Funding: +$0.8172
   • GRIFFAIN | Size: 4137.0180 ($50.00) | APY: 1120.89% | Attiva da: 0.1h | Funding: +$0.0032
=================================================================
[2026-08-25 21:03:43] [INFO] [hyperliquid_bot.strategy.funding]: 📊 Opportunità Top: HYPE | APY: 3360.88% (Rate: 0.3837%/h) | Prezzo: $49.66
[2026-08-25 21:04:13] [INFO] [hyperliquid_bot.strategy.funding]: 📊 Opportunità Top: HYPE | APY: 3389.58% (Rate: 0.3869%/h) | Prezzo: $49.66
[2026-08-25 21:04:43] [INFO] [hyperliquid_bot.strategy.funding]: 📊 Opportunità Top: HYPE | APY: 3412.24% (Rate: 0.3895%/h) | Prezzo: $49.66
[2026-08-25 21:05:13] [INFO] [hyperliquid_bot.strategy.funding]: 📊 Opportunità Top: HYPE | APY: 3430.59% (Rate: 0.3916%/h) | Prezzo: $49.66
[2026-08-25 21:05:43] [INFO] [hyperliquid_bot.strategy.funding]: 📊 Opportunità Top: HYPE | APY: 3445.74% (Rate: 0.3933%/h) | Prezzo: $49.66
[2026-08-25 21:06:13] [INFO] [hyperliquid_bot.strategy.funding]: 📊 Opportunità Top: HYPE | APY: 3458.47% (Rate: 0.3948%/h) | Prezzo: $49.66
[2026-08-25 21:06:43] [INFO] [hyperliquid_bot.strategy.funding]: 📊 Opportunità Top: HYPE | APY: 3469.31% (Rate: 0.3960%/h) | Prezzo: $49.66
[2026-08-25 21:07:13] [INFO] [hyperliquid_bot.strategy.funding]: 📊 Opportunità Top: HYPE | APY: 3286.37% (Rate: 0.3752%/h) | Prezzo: $49.66
[2026-08-25 21:07:43] [INFO] [hyperliquid_bot.strategy.funding]: 📊 Opportunità Top: HYPE | APY: 3070.82% (Rate: 0.3505%/h) | Prezzo: $49.66
[2026-08-25 21:08:14] [INFO] [hyperliquid_bot.strategy.funding]: 📊 Opportunità Top: HYPE | APY: 2881.39% (Rate: 0.3289%/h) | Prezzo: $49.66
[2026-08-25 21:08:43] [INFO] [hyperliquid_bot.strategy.funding]: 📊 Opportunità Top: HYPE | APY: 2713.61% (Rate: 0.3098%/h) | Prezzo: $49.66
[2026-08-25 21:08:43] [INFO] [hyperliquid_bot.engine]: 
=================================================================
📊 [RESOCONTO GUADAGNI FUNDING ARBITRAGE]
   Capitale Allocato:        $150.00 (3 posizioni attive)
   Rendita Oraria Stimata:   +$0.3023/h (+$7.26/giorno)
   Funding Maturato Attuale: +$1.4475 USD
   Totale Guadagni Incassati:+$3.1281 USD
-----------------------------------------------------------------
   • SOL   | Size: 0.4841 ($50.00) | APY: 1341.62% | Attiva da: 7.9h | Funding: +$0.6064
   • SAGA  | Size: 3291.6392 ($50.00) | APY: 2834.63% | Attiva da: 5.1h | Funding: +$0.8321
   • GRIFFAIN | Size: 4137.0180 ($50.00) | APY: 1120.89% | Attiva da: 0.1h | Funding: +$0.0091
=================================================================
[2026-08-25 21:09:13] [INFO] [hyperliquid_bot.strategy.funding]: 📊 Opportunità Top: HYPE | APY: 2578.51% (Rate: 0.2944%/h) | Prezzo: $49.66
[2026-08-25 21:09:43] [INFO] [hyperliquid_bot.strategy.funding]: 📊 Opportunità Top: HYPE | APY: 2523.95% (Rate: 0.2881%/h) | Prezzo: $49.66
[2026-08-25 21:10:13] [INFO] [hyperliquid_bot.strategy.funding]: 📊 Opportunità Top: HYPE | APY: 2474.7% (Rate: 0.2825%/h) | Prezzo: $49.66
[2026-08-25 21:10:43] [INFO] [hyperliquid_bot.strategy.funding]: 📊 Opportunità Top: HYPE | APY: 2430.04% (Rate: 0.2774%/h) | Prezzo: $49.66
[2026-08-25 21:11:13] [INFO] [hyperliquid_bot.strategy.funding]: 📊 Opportunità Top: HYPE | APY: 2389.35% (Rate: 0.2728%/h) | Prezzo: $49.66
[2026-08-25 21:11:43] [INFO] [hyperliquid_bot.strategy.funding]: 📊 Opportunità Top: HYPE | APY: 2352.12% (Rate: 0.2685%/h) | Prezzo: $49.66
[2026-08-25 21:12:13] [INFO] [hyperliquid_bot.strategy.funding]: 📊 Opportunità Top: HYPE | APY: 2303.85% (Rate: 0.2630%/h) | Prezzo: $49.66
[2026-08-25 21:12:43] [INFO] [hyperliquid_bot.strategy.funding]: 📊 Opportunità Top: HYPE | APY: 2272.89% (Rate: 0.2595%/h) | Prezzo: $49.66
[2026-08-25 21:13:14] [INFO] [hyperliquid_bot.strategy.funding]: 📊 Opportunità Top: HYPE | APY: 2185.06% (Rate: 0.2494%/h) | Prezzo: $49.66
[2026-08-25 21:13:43] [INFO] [hyperliquid_bot.strategy.funding]: 📊 Opportunità Top: HYPE | APY: 2103.61% (Rate: 0.2401%/h) | Prezzo: $49.66
[2026-08-25 21:14:14] [INFO] [hyperliquid_bot.strategy.funding]: 📊 Opportunità Top: HYPE | APY: 2027.88% (Rate: 0.2315%/h) | Prezzo: $49.66
[2026-08-25 21:14:14] [INFO] [hyperliquid_bot.engine]: 
=================================================================
📊 [RESOCONTO GUADAGNI FUNDING ARBITRAGE]
   Capitale Allocato:        $150.00 (3 posizioni attive)
   Rendita Oraria Stimata:   +$0.3023/h (+$7.26/giorno)
   Funding Maturato Attuale: +$1.4752 USD
   Totale Guadagni Incassati:+$3.1559 USD
-----------------------------------------------------------------
   • SOL   | Size: 0.4841 ($50.00) | APY: 1341.62% | Attiva da: 8.0h | Funding: +$0.6134
   • SAGA  | Size: 3291.6392 ($50.00) | APY: 2834.63% | Attiva da: 5.2h | Funding: +$0.8469
   • GRIFFAIN | Size: 4137.0180 ($50.00) | APY: 1120.89% | Attiva da: 0.2h | Funding: +$0.0149
=================================================================
[2026-08-25 21:14:44] [INFO] [hyperliquid_bot.strategy.funding]: 📊 Opportunità Top: HYPE | APY: 1957.28% (Rate: 0.2234%/h) | Prezzo: $49.66
[2026-08-25 21:15:14] [INFO] [hyperliquid_bot.strategy.funding]: 📊 Opportunità Top: HYPE | APY: 1891.31% (Rate: 0.2159%/h) | Prezzo: $49.66
[2026-08-25 21:15:44] [INFO] [hyperliquid_bot.strategy.funding]: 📊 Opportunità Top: HYPE | APY: 1926.4% (Rate: 0.2199%/h) | Prezzo: $49.66
[2026-08-25 21:16:13] [INFO] [hyperliquid_bot.strategy.funding]: 📊 Opportunità Top: HYPE | APY: 1978.11% (Rate: 0.2258%/h) | Prezzo: $49.66
[2026-08-25 21:16:44] [INFO] [hyperliquid_bot.strategy.funding]: 📊 Opportunità Top: HYPE | APY: 2026.73% (Rate: 0.2314%/h) | Prezzo: $49.66
[2026-08-25 21:17:14] [INFO] [hyperliquid_bot.strategy.funding]: 📊 Opportunità Top: HYPE | APY: 2072.54% (Rate: 0.2366%/h) | Prezzo: $49.66
[2026-08-25 21:17:44] [INFO] [hyperliquid_bot.strategy.funding]: 📊 Opportunità Top: HYPE | APY: 2115.76% (Rate: 0.2415%/h) | Prezzo: $49.66
[2026-08-25 21:18:14] [INFO] [hyperliquid_bot.strategy.funding]: 📊 Opportunità Top: HYPE | APY: 2156.61% (Rate: 0.2462%/h) | Prezzo: $49.66
[2026-08-25 21:18:43] [INFO] [hyperliquid_bot.strategy.funding]: 📊 Opportunità Top: HYPE | APY: 2195.29% (Rate: 0.2506%/h) | Prezzo: $49.66
[2026-08-25 21:19:14] [INFO] [hyperliquid_bot.strategy.funding]: 📊 Opportunità Top: HYPE | APY: 2231.95% (Rate: 0.2548%/h) | Prezzo: $49.66
[2026-08-25 21:19:44] [INFO] [hyperliquid_bot.strategy.funding]: 📊 Opportunità Top: HYPE | APY: 2266.76% (Rate: 0.2588%/h) | Prezzo: $49.66
[2026-08-25 21:19:44] [INFO] [hyperliquid_bot.engine]: 
=================================================================
📊 [RESOCONTO GUADAGNI FUNDING ARBITRAGE]
   Capitale Allocato:        $150.00 (3 posizioni attive)
   Rendita Oraria Stimata:   +$0.3023/h (+$7.26/giorno)
   Funding Maturato Attuale: +$1.5029 USD
   Totale Guadagni Incassati:+$3.1836 USD
-----------------------------------------------------------------
   • SOL   | Size: 0.4841 ($50.00) | APY: 1341.62% | Attiva da: 8.1h | Funding: +$0.6204
   • SAGA  | Size: 3291.6392 ($50.00) | APY: 2834.63% | Attiva da: 5.3h | Funding: +$0.8617
   • GRIFFAIN | Size: 4137.0180 ($50.00) | APY: 1120.89% | Attiva da: 0.3h | Funding: +$0.0208
=================================================================
[2026-08-25 21:20:13] [INFO] [hyperliquid_bot.strategy.funding]: 📊 Opportunità Top: HYPE | APY: 2299.85% (Rate: 0.2625%/h) | Prezzo: $49.66
[2026-08-25 21:20:44] [INFO] [hyperliquid_bot.strategy.funding]: 📊 Opportunità Top: HYPE | APY: 2331.35% (Rate: 0.2661%/h) | Prezzo: $49.66
[2026-08-25 21:21:14] [INFO] [hyperliquid_bot.strategy.funding]: 📊 Opportunità Top: HYPE | APY: 2361.36% (Rate: 0.2696%/h) | Prezzo: $49.66
[2026-08-25 21:21:44] [INFO] [hyperliquid_bot.strategy.funding]: 📊 Opportunità Top: HYPE | APY: 2390.0% (Rate: 0.2728%/h) | Prezzo: $54.80
[2026-08-25 21:22:14] [INFO] [hyperliquid_bot.strategy.funding]: 📊 Opportunità Top: HYPE | APY: 2424.04% (Rate: 0.2767%/h) | Prezzo: $58.08
[2026-08-25 21:22:44] [INFO] [hyperliquid_bot.strategy.funding]: 📊 Opportunità Top: HYPE | APY: 2463.14% (Rate: 0.2812%/h) | Prezzo: $59.30
[2026-08-25 21:23:14] [INFO] [hyperliquid_bot.strategy.funding]: 📊 Opportunità Top: HYPE | APY: 2500.55% (Rate: 0.2855%/h) | Prezzo: $59.74
[2026-08-25 21:23:43] [INFO] [hyperliquid_bot.strategy.funding]: 📊 Opportunità Top: HYPE | APY: 2536.39% (Rate: 0.2895%/h) | Prezzo: $59.91
[2026-08-25 21:24:14] [INFO] [hyperliquid_bot.strategy.funding]: 📊 Opportunità Top: HYPE | APY: 2570.75% (Rate: 0.2935%/h) | Prezzo: $59.97
[2026-08-25 21:24:44] [INFO] [hyperliquid_bot.strategy.funding]: 📊 Opportunità Top: HYPE | APY: 2603.72% (Rate: 0.2972%/h) | Prezzo: $59.99
[2026-08-25 21:25:14] [INFO] [hyperliquid_bot.strategy.funding]: 📊 Opportunità Top: HYPE | APY: 2635.38% (Rate: 0.3008%/h) | Prezzo: $59.99
[2026-08-25 21:25:14] [INFO] [hyperliquid_bot.engine]: 
=================================================================
📊 [RESOCONTO GUADAGNI FUNDING ARBITRAGE]
   Capitale Allocato:        $150.00 (3 posizioni attive)
   Rendita Oraria Stimata:   +$0.3023/h (+$7.26/giorno)
   Funding Maturato Attuale: +$1.5307 USD
   Totale Guadagni Incassati:+$3.2113 USD
-----------------------------------------------------------------
   • SOL   | Size: 0.4841 ($50.00) | APY: 1341.62% | Attiva da: 8.2h | Funding: +$0.6274
   • SAGA  | Size: 3291.6392 ($50.00) | APY: 2834.63% | Attiva da: 5.4h | Funding: +$0.8766
   • GRIFFAIN | Size: 4137.0180 ($50.00) | APY: 1120.89% | Attiva da: 0.4h | Funding: +$0.0267
=================================================================
[2026-08-25 21:25:44] [INFO] [hyperliquid_bot.strategy.funding]: 📊 Opportunità Top: HYPE | APY: 2665.82% (Rate: 0.3043%/h) | Prezzo: $60.00
[2026-08-25 21:26:14] [INFO] [hyperliquid_bot.strategy.funding]: 📊 Opportunità Top: HYPE | APY: 2695.1% (Rate: 0.3077%/h) | Prezzo: $60.00
[2026-08-25 21:26:44] [INFO] [hyperliquid_bot.strategy.funding]: 📊 Opportunità Top: HYPE | APY: 2723.28% (Rate: 0.3109%/h) | Prezzo: $60.00
[2026-08-25 21:27:14] [INFO] [hyperliquid_bot.strategy.funding]: 📊 Opportunità Top: HYPE | APY: 2698.35% (Rate: 0.3080%/h) | Prezzo: $60.00
[2026-08-25 21:27:44] [INFO] [hyperliquid_bot.strategy.funding]: 📊 Opportunità Top: HYPE | APY: 2648.74% (Rate: 0.3024%/h) | Prezzo: $60.00
[2026-08-25 21:28:14] [INFO] [hyperliquid_bot.strategy.funding]: 📊 Opportunità Top: HYPE | APY: 2600.89% (Rate: 0.2969%/h) | Prezzo: $60.00
[2026-08-25 21:28:43] [INFO] [hyperliquid_bot.strategy.funding]: 📊 Opportunità Top: HYPE | APY: 2554.71% (Rate: 0.2916%/h) | Prezzo: $60.00
[2026-08-25 21:29:14] [INFO] [hyperliquid_bot.strategy.funding]: 📊 Opportunità Top: HYPE | APY: 2510.1% (Rate: 0.2865%/h) | Prezzo: $60.00
[2026-08-25 21:29:43] [INFO] [hyperliquid_bot.strategy.funding]: 📊 Opportunità Top: HYPE | APY: 2466.99% (Rate: 0.2816%/h) | Prezzo: $60.00
[2026-08-25 21:30:14] [INFO] [hyperliquid_bot.strategy.funding]: 📊 Opportunità Top: HYPE | APY: 2437.47% (Rate: 0.2782%/h) | Prezzo: $60.00
[2026-08-25 21:30:44] [INFO] [hyperliquid_bot.strategy.funding]: 📊 Opportunità Top: HYPE | APY: 2432.82% (Rate: 0.2777%/h) | Prezzo: $60.00
[2026-08-25 21:30:44] [INFO] [hyperliquid_bot.engine]: 
=================================================================
📊 [RESOCONTO GUADAGNI FUNDING ARBITRAGE]
   Capitale Allocato:        $150.00 (3 posizioni attive)
   Rendita Oraria Stimata:   +$0.3023/h (+$7.26/giorno)
   Funding Maturato Attuale: +$1.5584 USD
   Totale Guadagni Incassati:+$3.2390 USD
-----------------------------------------------------------------
   • SOL   | Size: 0.4841 ($50.00) | APY: 1341.62% | Attiva da: 8.3h | Funding: +$0.6344
   • SAGA  | Size: 3291.6392 ($50.00) | APY: 2834.63% | Attiva da: 5.5h | Funding: +$0.8914
   • GRIFFAIN | Size: 4137.0180 ($50.00) | APY: 1120.89% | Attiva da: 0.5h | Funding: +$0.0325
=================================================================
[2026-08-25 21:31:14] [INFO] [hyperliquid_bot.strategy.funding]: 📊 Opportunità Top: HYPE | APY: 2428.33% (Rate: 0.2772%/h) | Prezzo: $60.00
[2026-08-25 21:31:43] [INFO] [hyperliquid_bot.strategy.funding]: 📊 Opportunità Top: HYPE | APY: 2423.97% (Rate: 0.2767%/h) | Prezzo: $60.00
[2026-08-25 21:32:14] [INFO] [hyperliquid_bot.strategy.funding]: 📊 Opportunità Top: HYPE | APY: 2419.75% (Rate: 0.2762%/h) | Prezzo: $60.00
[2026-08-25 21:32:43] [INFO] [hyperliquid_bot.strategy.funding]: 📊 Opportunità Top: HYPE | APY: 2415.66% (Rate: 0.2758%/h) | Prezzo: $60.00
[2026-08-25 21:33:13] [INFO] [hyperliquid_bot.strategy.funding]: 📊 Opportunità Top: HYPE | APY: 2411.69% (Rate: 0.2753%/h) | Prezzo: $60.00
[2026-08-25 21:33:43] [INFO] [hyperliquid_bot.strategy.funding]: 📊 Opportunità Top: HYPE | APY: 2407.84% (Rate: 0.2749%/h) | Prezzo: $60.00
[2026-08-25 21:34:14] [INFO] [hyperliquid_bot.strategy.funding]: 📊 Opportunità Top: HYPE | APY: 2404.1% (Rate: 0.2744%/h) | Prezzo: $60.00
[2026-08-25 21:34:43] [INFO] [hyperliquid_bot.strategy.funding]: 📊 Opportunità Top: HYPE | APY: 2400.47% (Rate: 0.2740%/h) | Prezzo: $60.00
[2026-08-25 21:35:14] [INFO] [hyperliquid_bot.strategy.funding]: 📊 Opportunità Top: HYPE | APY: 2396.95% (Rate: 0.2736%/h) | Prezzo: $60.00
[2026-08-25 21:35:44] [INFO] [hyperliquid_bot.strategy.funding]: 📊 Opportunità Top: HYPE | APY: 2393.52% (Rate: 0.2732%/h) | Prezzo: $60.00
[2026-08-25 21:36:14] [INFO] [hyperliquid_bot.strategy.funding]: 📊 Opportunità Top: HYPE | APY: 2390.18% (Rate: 0.2729%/h) | Prezzo: $60.00
[2026-08-25 21:36:14] [INFO] [hyperliquid_bot.engine]: 
=================================================================
📊 [RESOCONTO GUADAGNI FUNDING ARBITRAGE]
   Capitale Allocato:        $150.00 (3 posizioni attive)
   Rendita Oraria Stimata:   +$0.3023/h (+$7.26/giorno)
   Funding Maturato Attuale: +$1.5861 USD
   Totale Guadagni Incassati:+$3.2667 USD
-----------------------------------------------------------------
   • SOL   | Size: 0.4841 ($50.00) | APY: 1341.62% | Attiva da: 8.4h | Funding: +$0.6415
   • SAGA  | Size: 3291.6392 ($50.00) | APY: 2834.63% | Attiva da: 5.6h | Funding: +$0.9062
   • GRIFFAIN | Size: 4137.0180 ($50.00) | APY: 1120.89% | Attiva da: 0.6h | Funding: +$0.0384
=================================================================
[2026-08-25 21:36:44] [INFO] [hyperliquid_bot.strategy.funding]: 📊 Opportunità Top: HYPE | APY: 2386.94% (Rate: 0.2725%/h) | Prezzo: $60.00
[2026-08-25 21:37:14] [INFO] [hyperliquid_bot.strategy.funding]: 📊 Opportunità Top: HYPE | APY: 2383.78% (Rate: 0.2721%/h) | Prezzo: $60.00
[2026-08-25 21:37:43] [INFO] [hyperliquid_bot.strategy.funding]: 📊 Opportunità Top: HYPE | APY: 2380.71% (Rate: 0.2718%/h) | Prezzo: $60.00
[2026-08-25 21:38:14] [INFO] [hyperliquid_bot.strategy.funding]: 📊 Opportunità Top: HYPE | APY: 2377.72% (Rate: 0.2714%/h) | Prezzo: $60.00
[2026-08-25 21:38:43] [INFO] [hyperliquid_bot.strategy.funding]: 📊 Opportunità Top: HYPE | APY: 2374.8% (Rate: 0.2711%/h) | Prezzo: $60.00
[2026-08-25 21:39:14] [INFO] [hyperliquid_bot.strategy.funding]: 📊 Opportunità Top: HYPE | APY: 2371.96% (Rate: 0.2708%/h) | Prezzo: $60.00
[2026-08-25 21:39:43] [INFO] [hyperliquid_bot.strategy.funding]: 📊 Opportunità Top: HYPE | APY: 2369.19% (Rate: 0.2705%/h) | Prezzo: $60.00
[2026-08-25 21:40:14] [INFO] [hyperliquid_bot.strategy.funding]: 📊 Opportunità Top: HYPE | APY: 2366.49% (Rate: 0.2701%/h) | Prezzo: $60.00
[2026-08-25 21:40:44] [INFO] [hyperliquid_bot.strategy.funding]: 📊 Opportunità Top: HYPE | APY: 2363.86% (Rate: 0.2698%/h) | Prezzo: $60.00
[2026-08-25 21:41:14] [INFO] [hyperliquid_bot.strategy.funding]: 📊 Opportunità Top: HYPE | APY: 2361.29% (Rate: 0.2696%/h) | Prezzo: $60.00
[2026-08-25 21:41:44] [INFO] [hyperliquid_bot.strategy.funding]: 📊 Opportunità Top: HYPE | APY: 2358.78% (Rate: 0.2693%/h) | Prezzo: $60.00
[2026-08-25 21:41:44] [INFO] [hyperliquid_bot.engine]: 
=================================================================
📊 [RESOCONTO GUADAGNI FUNDING ARBITRAGE]
   Capitale Allocato:        $150.00 (3 posizioni attive)
   Rendita Oraria Stimata:   +$0.3023/h (+$7.26/giorno)
   Funding Maturato Attuale: +$1.6138 USD
   Totale Guadagni Incassati:+$3.2945 USD
-----------------------------------------------------------------
   • SOL   | Size: 0.4841 ($50.00) | APY: 1341.62% | Attiva da: 8.5h | Funding: +$0.6485
   • SAGA  | Size: 3291.6392 ($50.00) | APY: 2834.63% | Attiva da: 5.7h | Funding: +$0.9211
   • GRIFFAIN | Size: 4137.0180 ($50.00) | APY: 1120.89% | Attiva da: 0.7h | Funding: +$0.0443
=================================================================
[2026-08-25 21:42:14] [INFO] [hyperliquid_bot.strategy.funding]: 📊 Opportunità Top: HYPE | APY: 2356.33% (Rate: 0.2690%/h) | Prezzo: $60.00
[2026-08-25 21:42:44] [INFO] [hyperliquid_bot.strategy.funding]: 📊 Opportunità Top: HYPE | APY: 2353.94% (Rate: 0.2687%/h) | Prezzo: $60.00
[2026-08-25 21:43:14] [INFO] [hyperliquid_bot.strategy.funding]: 📊 Opportunità Top: HYPE | APY: 2351.6% (Rate: 0.2684%/h) | Prezzo: $60.00
[2026-08-25 21:43:44] [INFO] [hyperliquid_bot.strategy.funding]: 📊 Opportunità Top: HYPE | APY: 2349.32% (Rate: 0.2682%/h) | Prezzo: $60.00
[2026-08-25 21:44:14] [INFO] [hyperliquid_bot.strategy.funding]: 📊 Opportunità Top: HYPE | APY: 2347.08% (Rate: 0.2679%/h) | Prezzo: $60.00
[2026-08-25 21:44:44] [INFO] [hyperliquid_bot.strategy.funding]: 📊 Opportunità Top: HYPE | APY: 2344.9% (Rate: 0.2677%/h) | Prezzo: $60.00
[2026-08-25 21:45:14] [INFO] [hyperliquid_bot.strategy.funding]: 📊 Opportunità Top: HYPE | APY: 2342.77% (Rate: 0.2674%/h) | Prezzo: $60.00
[2026-08-25 21:45:44] [INFO] [hyperliquid_bot.strategy.funding]: 📊 Opportunità Top: HYPE | APY: 2340.68% (Rate: 0.2672%/h) | Prezzo: $60.00
[2026-08-25 21:46:14] [INFO] [hyperliquid_bot.strategy.funding]: 📊 Opportunità Top: HYPE | APY: 2338.64% (Rate: 0.2670%/h) | Prezzo: $60.00
[2026-08-25 21:46:44] [INFO] [hyperliquid_bot.strategy.funding]: 📊 Opportunità Top: HYPE | APY: 2336.64% (Rate: 0.2667%/h) | Prezzo: $60.00
[2026-08-25 21:47:14] [INFO] [hyperliquid_bot.strategy.funding]: 📊 Opportunità Top: HYPE | APY: 2334.68% (Rate: 0.2665%/h) | Prezzo: $60.00
[2026-08-25 21:47:14] [INFO] [hyperliquid_bot.engine]: 
=================================================================
📊 [RESOCONTO GUADAGNI FUNDING ARBITRAGE]
   Capitale Allocato:        $150.00 (3 posizioni attive)
   Rendita Oraria Stimata:   +$0.3023/h (+$7.26/giorno)
   Funding Maturato Attuale: +$1.6415 USD
   Totale Guadagni Incassati:+$3.3222 USD
-----------------------------------------------------------------
   • SOL   | Size: 0.4841 ($50.00) | APY: 1341.62% | Attiva da: 8.6h | Funding: +$0.6555
   • SAGA  | Size: 3291.6392 ($50.00) | APY: 2834.63% | Attiva da: 5.8h | Funding: +$0.9359
   • GRIFFAIN | Size: 4137.0180 ($50.00) | APY: 1120.89% | Attiva da: 0.8h | Funding: +$0.0501
=================================================================
[2026-08-25 21:47:44] [INFO] [hyperliquid_bot.strategy.funding]: 📊 Opportunità Top: HYPE | APY: 2332.77% (Rate: 0.2663%/h) | Prezzo: $60.00
[2026-08-25 21:48:14] [INFO] [hyperliquid_bot.strategy.funding]: 📊 Opportunità Top: HYPE | APY: 2330.89% (Rate: 0.2661%/h) | Prezzo: $60.00
[2026-08-25 21:48:44] [INFO] [hyperliquid_bot.strategy.funding]: 📊 Opportunità Top: HYPE | APY: 2313.97% (Rate: 0.2642%/h) | Prezzo: $60.00
[2026-08-25 21:49:14] [INFO] [hyperliquid_bot.strategy.funding]: 📊 Opportunità Top: HYPE | APY: 2289.92% (Rate: 0.2614%/h) | Prezzo: $60.00
[2026-08-25 21:49:44] [INFO] [hyperliquid_bot.strategy.funding]: 📊 Opportunità Top: HYPE | APY: 2266.36% (Rate: 0.2587%/h) | Prezzo: $60.00
[2026-08-25 21:50:14] [INFO] [hyperliquid_bot.strategy.funding]: 📊 Opportunità Top: HYPE | APY: 2243.26% (Rate: 0.2561%/h) | Prezzo: $60.00
[2026-08-25 21:50:44] [INFO] [hyperliquid_bot.strategy.funding]: 📊 Opportunità Top: HYPE | APY: 2220.62% (Rate: 0.2535%/h) | Prezzo: $60.00
[2026-08-25 21:51:14] [INFO] [hyperliquid_bot.strategy.funding]: 📊 Opportunità Top: HYPE | APY: 2198.42% (Rate: 0.2510%/h) | Prezzo: $60.00
[2026-08-25 21:51:44] [INFO] [hyperliquid_bot.strategy.funding]: 📊 Opportunità Top: HYPE | APY: 2176.65% (Rate: 0.2485%/h) | Prezzo: $60.00
